module,rank,record id,file name,mount pt,fs type,LUSTRE_COMP1_EXT_END,LUSTRE_COMP1_EXT_START,LUSTRE_COMP1_FLAGS,LUSTRE_COMP1_MIRROR_ID,LUSTRE_COMP1_OST_ID_0,LUSTRE_COMP1_POOL_NAME,LUSTRE_COMP1_STRIPE_COUNT,LUSTRE_COMP1_STRIPE_PATTERN,LUSTRE_COMP1_STRIPE_SIZE,LUSTRE_COMP2_EXT_END,LUSTRE_COMP2_EXT_START,LUSTRE_COMP2_FLAGS,LUSTRE_COMP2_MIRROR_ID,LUSTRE_COMP2_OST_ID_0,LUSTRE_COMP2_POOL_NAME,LUSTRE_COMP2_STRIPE_COUNT,LUSTRE_COMP2_STRIPE_PATTERN,LUSTRE_COMP2_STRIPE_SIZE,LUSTRE_NUM_COMPONENTS,LUSTRE_NUM_STRIPES
LUSTRE,0,10008402697919846957,/projects/bdau/envs/sc2026/lib/python3.9/__pycache__/_bootlocale.cpython-39.pyc,/projects,lustre,65536,0,init,0,23,ddn_nvme,1,raid0,65536,,,,,,,,,,1,1
LUSTRE,0,10033329627678648582,/projects/bdau/envs/sc2026/lib/python3.9/site-packages/omegaconf/resolvers/oc/__pycache__/__init__.cpython-39.pyc,/projects,lustre,65536,0,init,0,10,ddn_nvme,1,raid0,65536,,,,,,,,,,1,1
LUSTRE,0,10054016003771418426,/projects/bdau/envs/sc2026/lib/python3.9/site-packages/numpy/_core/__pycache__/function_base.cpython-39.pyc,/projects,lustre,65536,0,init,0,9,ddn_nvme,1,raid0,65536,,,,,,,,,,1,1
LUSTRE,0,10128179409280712821,/projects/bdau/envs/sc2026/lib/python3.9/ctypes/__pycache__/__init__.cpython-39.pyc,/projects,lustre,65536,0,init,0,3,ddn_nvme,1,raid0,65536,,,,,,,,,,1,1
LUSTRE,0,1021241264211539863,/projects/bdau/envs/sc2026/lib/python3.9/__pycache__/pkgutil.cpython-39.pyc,/projects,lustre,65536,0,init,0,23,ddn_nvme,1,raid0,65536,,,,,,,,,,1,1
LUSTRE,0,10299882467535921726,/projects/bdau/envs/sc2026/lib/python3.9/site-packages/numpy/lib/__pycache__/_polynomial_impl.cpython-39.pyc,/projects,lustre,65536,0,init,0,22,ddn_nvme,1,raid0,65536,,,,,,,,,,1,1
LUSTRE,0,10426922867304815013,/projects/bdau/envs/sc2026/lib/python3.9/site-packages/dlio_benchmark/utils/config.py,/projects,lustre,65536,0,init,0,23,ddn_nvme,1,raid0,65536,,,,,,,,,,1,1
LUSTRE,0,10536254551974245354,/projects/bdau/envs/sc2026/lib/python3.9/site-packages/bottleneck/slow/__pycache__/nonreduce_axis.cpython-39.pyc,/projects,lustre,65536,0,init,0,31,ddn_nvme,1,raid0,65536,,,,,,,,,,1,1
LUSTRE,0,10539491012954191124,/projects/bdau/envs/sc2026/lib/python3.9/json/__pycache__/decoder.cpython-39.pyc,/projects,lustre,65536,0,init,0,27,ddn_nvme,1,raid0,65536,,,,,,,,,,1,1
LUSTRE,0,10548518537858369264,/projects/bdau/envs/sc2026/lib/python3.9/site-packages/omegaconf/__pycache__/version.cpython-39.pyc,/projects,lustre,65536,0,init,0,0,ddn_nvme,1,raid0,65536,,,,,,,,,,1,1
LUSTRE,0,10580608979045136723,/projects/bdau/envs/sc2026/lib/python3.9/site-packages/antlr4/dfa/__pycache__/__init__.cpython-39.pyc,/projects,lustre,65536,0,init,0,30,ddn_nvme,1,raid0,65536,,,,,,,,,,1,1
LUSTRE,0,10593444704213458454,/projects/bdau/envs/sc2026/lib/python3.9/importlib/__pycache__/__init__.cpython-39.pyc,/projects,lustre,65536,0,init,0,11,ddn_nvme,1,raid0,65536,,,,,,,,,,1,1
LUSTRE,0,10629039397319327543,/projects/bdau/envs/sc2026/lib/python3.9/site-packages/packaging/__pycache__/__init__.cpython-39.pyc,/projects,lustre,65536,0,init,0,26,ddn_nvme,1,raid0,65536,,,,,,,,,,1,1
LUSTRE,0,10633988144903246125,/projects/bdau/envs/sc2026/lib/python3.9/site-packages/numpy/_typing/__pycache__/_array_like.cpython-39.pyc,/projects,lustre,65536,0,init,0,21,ddn_nvme,1,raid0,65536,,,,,,,,,,1,1
LUSTRE,0,10666399767356361337,/projects/bdau/envs/sc2026/lib/python3.9/site-packages/dateutil/tz/__pycache__/_factories.cpython-39.pyc,/projects,lustre,65536,0,init,0,0,ddn_nvme,1,raid0,65536,,,,,,,,,,1,1
LUSTRE,0,10690739553600014711,/projects/bdau/envs/sc2026/lib/python3.9/site-packages/pytz/__pycache__/exceptions.cpython-39.pyc,/projects,lustre,65536,0,init,0,11,ddn_nvme,1,raid0,65536,,,,,,,,,,1,1
LUSTRE,0,1069701907309053436,/projects/bdau/envs/sc2026/lib/python3.9/site-packages/numpy/__pycache__/__config__.cpython-39.pyc,/projects,lustre,65536,0,init,0,9,ddn_nvme,1,raid0,65536,,,,,,,,,,1,1
LUSTRE,0,10739874897871502257,/projects/bdau/envs/sc2026/lib/python3.9/site-packages/pandas/_libs/__pycache__/__init__.cpython-39.pyc,/projects,lustre,65536,0,init,0,9,ddn_nvme,1,raid0,65536,,,,,,,,,,1,1
LUSTRE,0,1076029983584003043,/projects/bdau/envs/sc2026/lib/python3.9/urllib/__pycache__/parse.cpython-39.pyc,/projects,lustre,65536,0,init,0,21,ddn_nvme,1,raid0,65536,,,,,,,,,,1,1
LUSTRE,0,10775298424573201643,/projects/bdau/envs/sc2026/lib/python3.9/site-packages/pandas/core/__pycache__/sorting.cpython-39.pyc,/projects,lustre,65536,0,init,0,2,ddn_nvme,1,raid0,65536,,,,,,,,,,1,1
LUSTRE,0,10778869610085664450,/projects/bdau/envs/sc2026/lib/python3.9/site-packages/pandas/core/dtypes/__pycache__/__init__.cpython-39.pyc,/projects,lustre,65536,0,init,0,20,ddn_nvme,1,raid0,65536,,,,,,,,,,1,1
LUSTRE,0,10795463043270049245,/projects/bdau/envs/sc2026/lib/python3.9/site-packages/pandas/core/__pycache__/api.cpython-39.pyc,/projects,lustre,65536,0,init,0,3,ddn_nvme,1,raid0,65536,,,,,,,,,,1,1
LUSTRE,0,10933638305414772192,/projects/bdau/envs/sc2026/lib/python3.9/site-packages/hydra/core/__pycache__/global_hydra.cpython-39.pyc,/projects,lustre,65536,0,init,0,28,ddn_nvme,1,raid0,65536,,,,,,,,,,1,1
LUSTRE,0,10937415129758637523,/projects/bdau/envs/sc2026/lib/python3.9/site-packages/numpy/_core/__pycache__/_dtype_ctypes.cpython-39.pyc,/projects,lustre,65536,0,init,0,22,ddn_nvme,1,raid0,65536,,,,,,,,,,1,1
LUSTRE,0,1101673487805915892,/projects/bdau/envs/sc2026/lib/python3.9/site-packages/antlr4/atn/__pycache__/__init__.cpython-39.pyc,/projects,lustre,65536,0,init,0,9,ddn_nvme,1,raid0,65536,,,,,,,,,,1,1
LUSTRE,0,11080587508089489133,/projects/bdau/envs/sc2026/lib/python3.9/site-packages/antlr4/atn/__pycache__/ATNSimulator.cpython-39.pyc,/projects,lustre,65536,0,init,0,21,ddn_nvme,1,raid0,65536,,,,,,,,,,1,1
LUSTRE,0,11207349633113311463,/projects/bdau/envs/sc2026/lib/python3.9/site-packages/hydra/_internal/utils.py,/projects,lustre,65536,0,init,0,20,ddn_nvme,1,raid0,65536,,,,,,,,,,1,1
LUSTRE,0,11227201510251391062,/projects/bdau/envs/sc2026/lib/python3.9/site-packages/pandas/core/dtypes/__pycache__/generic.cpython-39.pyc,/projects,lustre,65536,0,init,0,11,ddn_nvme,1,raid0,65536,,,,,,,,,,1,1
LUSTRE,0,11246036138941243226,/projects/bdau/envs/sc2026/lib/python3.9/site-packages/numpy/_core/__pycache__/_ufunc_config.cpython-39.pyc,/projects,lustre,65536,0,init,0,11,ddn_nvme,1,raid0,65536,,,,,,,,,,1,1
LUSTRE,0,11254341362669703388,/projects/bdau/envs/sc2026/lib/python3.9/site-packages/antlr4/tree/__pycache__/RuleTagToken.cpython-39.pyc,/projects,lustre,65536,0,init,0,22,ddn_nvme,1,raid0,65536,,,,,,,,,,1,1
LUSTRE,0,11302182019015371793,/projects/bdau/envs/sc2026/lib/python3.9/__pycache__/argparse.cpython-39.pyc,/projects,lustre,65536,0,init,0,2,ddn_nvme,1,raid0,65536,,,,,,,,,,1,1
LUSTRE,0,1131484862269138438,/projects/bdau/envs/sc2026/lib/python3.9/site-packages/numpy/_typing/__pycache__/_scalars.cpython-39.pyc,/projects,lustre,65536,0,init,0,1,ddn_nvme,1,raid0,65536,,,,,,,,,,1,1
LUSTRE,0,11317959238820022279,/projects/bdau/envs/sc2026/lib/python3.9/site-packages/omegaconf/__pycache__/listconfig.cpython-39.pyc,/projects,lustre,65536,0,init,0,30,ddn_nvme,1,raid0,65536,,,,,,,,,,1,1
LUSTRE,0,11324328910733365539,/projects/bdau/envs/sc2026/lib/python3.9/site-packages/numpy/lib/__pycache__/_index_tricks_impl.cpython-39.pyc,/projects,lustre,65536,0,init,0,1,ddn_nvme,1,raid0,65536,,,,,,,,,,1,1
LUSTRE,0,11326151077023223924,/projects/bdau/envs/sc2026/lib/python3.9/site-packages/antlr4/__pycache__/ListTokenSource.cpython-39.pyc,/projects,lustre,65536,0,init,0,21,ddn_nvme,1,raid0,65536,,,,,,,,,,1,1
LUSTRE,0,1135948088686870840,/projects/bdau/envs/sc2026/lib/python3.9/site-packages/_distutils_hack/__pycache__/__init__.cpython-39.pyc,/projects,lustre,65536,0,init,0,22,ddn_nvme,1,raid0,65536,,,,,,,,,,1,1
LUSTRE,0,11359884288279777600,/projects/bdau/envs/sc2026/lib/python3.9/site-packages/numexpr/__pycache__/version.cpython-39.pyc,/projects,lustre,65536,0,init,0,2,ddn_nvme,1,raid0,65536,,,,,,,,,,1,1
LUSTRE,0,11366533316815836015,/projects/bdau/envs/sc2026/lib/python3.9/__pycache__/textwrap.cpython-39.pyc,/projects,lustre,65536,0,init,0,10,ddn_nvme,1,raid0,65536,,,,,,,,,,1,1
LUSTRE,0,11397416879258065958,/projects/bdau/envs/sc2026/lib/python3.9/site-packages/antlr4/atn/__pycache__/LexerATNSimulator.cpython-39.pyc,/projects,lustre,65536,0,init,0,1,ddn_nvme,1,raid0,65536,,,,,,,,,,1,1
LUSTRE,0,11419044605237025253,/projects/bdau/envs/sc2026/lib/python3.9/site-packages/numpy/_core/__pycache__/numerictypes.cpython-39.pyc,/projects,lustre,65536,0,init,0,23,ddn_nvme,1,raid0,65536,,,,,,,,,,1,1
LUSTRE,0,11429686320335003750,/projects/bdau/envs/sc2026/lib/python3.9/__pycache__/contextlib.cpython-39.pyc,/projects,lustre,65536,0,init,0,8,ddn_nvme,1,raid0,65536,,,,,,,,,,1,1
LUSTRE,0,11494514340341067571,/projects/bdau/envs/sc2026/lib/python3.9/site-packages/pandas/core/arrays/arrow/__pycache__/accessors.cpython-39.pyc,/projects,lustre,65536,0,init,0,23,ddn_nvme,1,raid0,65536,,,,,,,,,,1,1
LUSTRE,0,11518093219599678372,/projects/bdau/envs/sc2026/lib/python3.9/site-packages/pandas/core/__pycache__/__init__.cpython-39.pyc,/projects,lustre,65536,0,init,0,9,ddn_nvme,1,raid0,65536,,,,,,,,,,1,1
LUSTRE,0,11541254563287431508,/projects/bdau/envs/sc2026/lib/python3.9/site-packages/numpy/_core/__pycache__/_add_newdocs.cpython-39.pyc,/projects,lustre,65536,0,init,0,0,ddn_nvme,1,raid0,65536,536870912,65536,init,0,154,ddn_hdd,1,raid0,1048576,2,2
LUSTRE,0,11659649845868972630,/projects/bdau/envs/sc2026/lib/python3.9/site-packages/dftracer/__pycache__/__init__.cpython-39.pyc,/projects,lustre,65536,0,init,0,23,ddn_nvme,1,raid0,65536,,,,,,,,,,1,1
LUSTRE,0,11686285031445338272,/projects/bdau/envs/sc2026/lib/python3.9/__pycache__/secrets.cpython-39.pyc,/projects,lustre,65536,0,init,0,23,ddn_nvme,1,raid0,65536,,,,,,,,,,1,1
LUSTRE,0,11758907333272401333,/projects/bdau/envs/sc2026/lib/python3.9/site-packages/pyarrow/__pycache__/__init__.cpython-39.pyc,/projects,lustre,65536,0,init,0,11,ddn_nvme,1,raid0,65536,,,,,,,,,,1,1
LUSTRE,0,11823789199642815581,/projects/bdau/envs/sc2026/lib/python3.9/site-packages/omegaconf/__pycache__/grammar_visitor.cpython-39.pyc,/projects,lustre,65536,0,init,0,8,ddn_nvme,1,raid0,65536,,,,,,,,,,1,1
LUSTRE,0,11831541392568947498,/projects/bdau/envs/sc2026/lib/python3.9/site-packages/pandas/io/__pycache__/_util.cpython-39.pyc,/projects,lustre,65536,0,init,0,10,ddn_nvme,1,raid0,65536,,,,,,,,,,1,1
LUSTRE,0,1184384868407764164,/projects/bdau/envs/sc2026/lib/python3.9/site-packages/numpy/random/__pycache__/_pickle.cpython-39.pyc,/projects,lustre,65536,0,init,0,11,ddn_nvme,1,raid0,65536,,,,,,,,,,1,1
LUSTRE,0,11885965419878914603,/projects/bdau/envs/sc2026/lib/python3.9/site-packages/numpy/_core/__pycache__/arrayprint.cpython-39.pyc,/projects,lustre,65536,0,init,0,23,ddn_nvme,1,raid0,65536,,,,,,,,,,1,1
LUSTRE,0,1193386713078494556,/projects/bdau/envs/sc2026/lib/python3.9/site-packages/pandas/compat/__pycache__/_optional.cpython-39.pyc,/projects,lustre,65536,0,init,0,10,ddn_nvme,1,raid0,65536,,,,,,,,,,1,1
LUSTRE,0,11954069294118714411,/projects/bdau/envs/sc2026/lib/python3.9/site-packages/pandas/_config/__pycache__/__init__.cpython-39.pyc,/projects,lustre,65536,0,init,0,2,ddn_nvme,1,raid0,65536,,,,,,,,,,1,1
LUSTRE,0,11961610528377828627,/projects/bdau/envs/sc2026/lib/python3.9/site-packages/numpy/_core/__pycache__/multiarray.cpython-39.pyc,/projects,lustre,65536,0,init,0,23,ddn_nvme,1,raid0,65536,,,,,,,,,,1,1
LUSTRE,0,12031143822564674439,/projects/bdau/envs/sc2026/lib/python3.9/__pycache__/inspect.cpython-39.pyc,/projects,lustre,65536,0,init,0,23,ddn_nvme,1,raid0,65536,536870912,65536,init,0,166,ddn_hdd,1,raid0,1048576,2,2
LUSTRE,0,12049001765744670648,/projects/bdau/envs/sc2026/lib/python3.9/site-packages/numpy/_core/__pycache__/_dtype.cpython-39.pyc,/projects,lustre,65536,0,init,0,1,ddn_nvme,1,raid0,65536,,,,,,,,,,1,1
LUSTRE,0,12144292256272722053,/projects/bdau/envs/sc2026/lib/python3.9/__pycache__/copyreg.cpython-39.pyc,/projects,lustre,65536,0,init,0,9,ddn_nvme,1,raid0,65536,,,,,,,,,,1,1
LUSTRE,0,12259243660104351191,/projects/bdau/envs/sc2026/lib/python3.9/site-packages/antlr4/__pycache__/Parser.cpython-39.pyc,/projects,lustre,65536,0,init,0,8,ddn_nvme,1,raid0,65536,,,,,,,,,,1,1
LUSTRE,0,12375968285408289308,/projects/bdau/envs/sc2026/lib/python3.9/zoneinfo/__pycache__/__init__.cpython-39.pyc,/projects,lustre,65536,0,init,0,22,ddn_nvme,1,raid0,65536,,,,,,,,,,1,1
LUSTRE,0,12386779139806733933,/projects/bdau/envs/sc2026/lib/python3.9/site-packages/dateutil/parser/__pycache__/_parser.cpython-39.pyc,/projects,lustre,65536,0,init,0,1,ddn_nvme,1,raid0,65536,,,,,,,,,,1,1
LUSTRE,0,12395338528415144732,/projects/bdau/envs/sc2026/lib/python3.9/site-packages/antlr4/__pycache__/RuleContext.cpython-39.pyc,/projects,lustre,65536,0,init,0,22,ddn_nvme,1,raid0,65536,,,,,,,,,,1,1
LUSTRE,0,12419632426236090693,/projects/bdau/envs/sc2026/lib/python3.9/__pycache__/_strptime.cpython-39.pyc,/projects,lustre,65536,0,init,0,8,ddn_nvme,1,raid0,65536,,,,,,,,,,1,1
LUSTRE,0,12439368010896615185,/projects/bdau/envs/sc2026/lib/python3.9/__pycache__/uuid.cpython-39.pyc,/projects,lustre,65536,0,init,0,8,ddn_nvme,1,raid0,65536,,,,,,,,,,1,1
LUSTRE,0,12441204379511485350,/projects/bdau/envs/sc2026/lib/python3.9/__pycache__/site.cpython-39.pyc,/projects,lustre,65536,0,init,0,1,ddn_nvme,1,raid0,65536,,,,,,,,,,1,1
LUSTRE,0,12476518695204437960,/projects/bdau/envs/sc2026/lib/python3.9/site-packages/dlio_benchmark/common/__pycache__/enumerations.cpython-39.pyc,/projects,lustre,65536,0,init,0,11,ddn_nvme,1,raid0,65536,,,,,,,,,,1,1
LUSTRE,0,12503203298756326493,/projects/bdau/envs/sc2026/lib/python3.9/__pycache__/abc.cpython-39.pyc,/projects,lustre,65536,0,init,0,9,ddn_nvme,1,raid0,65536,,,,,,,,,,1,1
LUSTRE,0,12522777044965049496,/projects/bdau/envs/sc2026/lib/python3.9/site-packages/pandas/core/ops/__pycache__/missing.cpython-39.pyc,/projects,lustre,65536,0,init,0,9,ddn_nvme,1,raid0,65536,,,,,,,,,,1,1
LUSTRE,0,12552455885643771803,/projects/bdau/envs/sc2026/lib/python3.9/site-packages/pandas/core/arrays/__pycache__/_arrow_string_mixins.cpython-39.pyc,/projects,lustre,65536,0,init,0,1,ddn_nvme,1,raid0,65536,,,,,,,,,,1,1
LUSTRE,0,12566077103276396493,/projects/bdau/envs/sc2026/lib/python3.9/site-packages/numpy/ma/__pycache__/extras.cpython-39.pyc,/projects,lustre,65536,0,init,0,10,ddn_nvme,1,raid0,65536,,,,,,,,,,1,1
LUSTRE,0,1258075819492845761,/projects/bdau/envs/sc2026/lib/python3.9/site-packages/numpy/lib/__pycache__/_iotools.cpython-39.pyc,/projects,lustre,65536,0,init,0,0,ddn_nvme,1,raid0,65536,,,,,,,,,,1,1
LUSTRE,0,12581959596674889407,/projects/bdau/envs/sc2026/lib/python3.9/site-packages/omegaconf/__pycache__/basecontainer.cpython-39.pyc,/projects,lustre,65536,0,init,0,11,ddn_nvme,1,raid0,65536,,,,,,,,,,1,1
LUSTRE,0,12616771123319400676,/projects/bdau/envs/sc2026/lib/python3.9/site-packages/pandas/core/__pycache__/missing.cpython-39.pyc,/projects,lustre,65536,0,init,0,9,ddn_nvme,1,raid0,65536,,,,,,,,,,1,1
LUSTRE,0,12677581267064279237,/projects/bdau/envs/sc2026/lib/python3.9/site-packages/mpi4py/__pycache__/__init__.cpython-39.pyc,/projects,lustre,65536,0,init,0,21,ddn_nvme,1,raid0,65536,,,,,,,,,,1,1
LUSTRE,0,12678462908909415535,/projects/bdau/envs/sc2026/lib/python3.9/site-packages/hydra/_internal/__pycache__/config_search_path_impl.cpython-39.pyc,/projects,lustre,65536,0,init,0,22,ddn_nvme,1,raid0,65536,,,,,,,,,,1,1
LUSTRE,0,12686353665510964572,/projects/bdau/envs/sc2026/lib/python3.9/site-packages/bottleneck/__pycache__/__init__.cpython-39.pyc,/projects,lustre,65536,0,init,0,9,ddn_nvme,1,raid0,65536,,,,,,,,,,1,1
LUSTRE,0,12707194159386924544,/projects/bdau/envs/sc2026/lib/python3.9/site-packages/pandas/util/__pycache__/_validators.cpython-39.pyc,/projects,lustre,65536,0,init,0,9,ddn_nvme,1,raid0,65536,,,,,,,,,,1,1
LUSTRE,0,12762449298053164434,/projects/bdau/envs/sc2026/lib/python3.9/site-packages/numpy/_typing/__pycache__/__init__.cpython-39.pyc,/projects,lustre,65536,0,init,0,2,ddn_nvme,1,raid0,65536,,,,,,,,,,1,1
LUSTRE,0,128345452978990288,/projects/bdau/envs/sc2026/lib/python3.9/__pycache__/numbers.cpython-39.pyc,/projects,lustre,65536,0,init,0,1,ddn_nvme,1,raid0,65536,,,,,,,,,,1,1
LUSTRE,0,12881403629966980834,/projects/bdau/envs/sc2026/lib/python3.9/site-packages/numpy/__pycache__/__init__.cpython-39.pyc,/projects,lustre,65536,0,init,0,0,ddn_nvme,1,raid0,65536,,,,,,,,,,1,1
LUSTRE,0,12903030865994740531,/projects/bdau/envs/sc2026/lib/python3.9/site-packages/omegaconf/resolvers/__pycache__/__init__.cpython-39.pyc,/projects,lustre,65536,0,init,0,23,ddn_nvme,1,raid0,65536,,,,,,,,,,1,1
LUSTRE,0,12934155064070431574,/projects/bdau/envs/sc2026/lib/python3.9/site-packages/yaml/__pycache__/tokens.cpython-39.pyc,/projects,lustre,65536,0,init,0,9,ddn_nvme,1,raid0,65536,,,,,,,,,,1,1
LUSTRE,0,12936407171276537800,/projects/bdau/envs/sc2026/lib/python3.9/site-packages/hydra/_internal/grammar/__pycache__/grammar_functions.cpython-39.pyc,/projects,lustre,65536,0,init,0,11,ddn_nvme,1,raid0,65536,,,,,,,,,,1,1
LUSTRE,0,12997747735878241060,/projects/bdau/envs/sc2026/lib/python3.9/site-packages/hydra/core/override_parser/__pycache__/overrides_parser.cpython-39.pyc,/projects,lustre,65536,0,init,0,23,ddn_nvme,1,raid0,65536,,,,,,,,,,1,1
LUSTRE,0,13001001517804713018,/projects/bdau/envs/sc2026/lib/python3.9/site-packages/cloudpickle/__pycache__/cloudpickle.cpython-39.pyc,/projects,lustre,65536,0,init,0,29,ddn_nvme,1,raid0,65536,,,,,,,,,,1,1
LUSTRE,0,13031340581382381589,/projects/bdau/envs/sc2026/lib/python3.9/site-packages/dlio_benchmark/common/__pycache__/constants.cpython-39.pyc,/projects,lustre,65536,0,init,0,2,ddn_nvme,1,raid0,65536,,,,,,,,,,1,1
LUSTRE,0,13066595633336134995,/projects/bdau/envs/sc2026/lib/python3.9/__pycache__/socketserver.cpython-39.pyc,/projects,lustre,65536,0,init,0,11,ddn_nvme,1,raid0,65536,,,,,,,,,,1,1
LUSTRE,0,13138083853455826061,/projects/bdau/envs/sc2026/lib/python3.9/site-packages/yaml/__pycache__/resolver.cpython-39.pyc,/projects,lustre,65536,0,init,0,1,ddn_nvme,1,raid0,65536,,,,,,,,,,1,1
LUSTRE,0,13169179126791270370,/projects/bdau/envs/sc2026/lib/python3.9/site-packages/dateutil/__pycache__/_version.cpython-39.pyc,/projects,lustre,65536,0,init,0,3,ddn_nvme,1,raid0,65536,,,,,,,,,,1,1
LUSTRE,0,13185313783309328268,/projects/bdau/envs/sc2026/lib/python3.9/site-packages/pandas/core/ops/__pycache__/mask_ops.cpython-39.pyc,/projects,lustre,65536,0,init,0,1,ddn_nvme,1,raid0,65536,,,,,,,,,,1,1
LUSTRE,0,13216037700030203242,/projects/bdau/envs/sc2026/lib/python3.9/site-packages/numpy/_core/__pycache__/__init__.cpython-39.pyc,/projects,lustre,65536,0,init,0,3,ddn_nvme,1,raid0,65536,,,,,,,,,,1,1
LUSTRE,0,13224536050485011239,/projects/bdau/envs/sc2026/lib/python3.9/site-packages/yaml/__pycache__/cyaml.cpython-39.pyc,/projects,lustre,65536,0,init,0,22,ddn_nvme,1,raid0,65536,,,,,,,,,,1,1
LUSTRE,0,13275039627056915716,/projects/bdau/envs/sc2026/lib/python3.9/zoneinfo/__pycache__/_common.cpython-39.pyc,/projects,lustre,65536,0,init,0,24,ddn_nvme,1,raid0,65536,,,,,,,,,,1,1
LUSTRE,0,13289137389210724628,/projects/bdau/envs/sc2026/lib/python3.9/site-packages/numpy/_utils/__pycache__/__init__.cpython-39.pyc,/projects,lustre,65536,0,init,0,21,ddn_nvme,1,raid0,65536,,,,,,,,,,1,1
LUSTRE,0,13304569806085667904,/projects/bdau/envs/sc2026/lib/python3.9/site-packages/numpy/lib/__pycache__/__init__.cpython-39.pyc,/projects,lustre,65536,0,init,0,2,ddn_nvme,1,raid0,65536,,,,,,,,,,1,1
LUSTRE,0,13352495656542482451,/projects/bdau/envs/sc2026/lib/python3.9/site-packages/psutil/__pycache__/_ntuples.cpython-39.pyc,/projects,lustre,65536,0,init,0,21,ddn_nvme,1,raid0,65536,,,,,,,,,,1,1
LUSTRE,0,13485129173428347848,/projects/bdau/envs/sc2026/lib/python3.9/importlib/__pycache__/machinery.cpython-39.pyc,/projects,lustre,65536,0,init,0,24,ddn_nvme,1,raid0,65536,,,,,,,,,,1,1
LUSTRE,0,13588784994876483979,/projects/bdau/envs/sc2026/lib/python3.9/site-packages/antlr4/tree/__pycache__/Tree.cpython-39.pyc,/projects,lustre,65536,0,init,0,9,ddn_nvme,1,raid0,65536,,,,,,,,,,1,1
LUSTRE,0,13644913723200301887,/projects/bdau/envs/sc2026/lib/python3.9/site-packages/hydra/core/__pycache__/plugins.cpython-39.pyc,/projects,lustre,65536,0,init,0,20,ddn_nvme,1,raid0,65536,,,,,,,,,,1,1
LUSTRE,0,13657295592334243427,/projects/bdau/envs/sc2026/lib/python3.9/__pycache__/genericpath.cpython-39.pyc,/projects,lustre,65536,0,init,0,11,ddn_nvme,1,raid0,65536,,,,,,,,,,1,1
LUSTRE,0,13679943653372732585,/projects/bdau/envs/sc2026/lib/python3.9/site-packages/hydra/_internal/instantiate/__pycache__/__init__.cpython-39.pyc,/projects,lustre,65536,0,init,0,0,ddn_nvme,1,raid0,65536,,,,,,,,,,1,1
LUSTRE,0,13685159126228122882,/projects/bdau/envs/sc2026/lib/python3.9/site-packages/numpy/lib/__pycache__/_ufunclike_impl.cpython-39.pyc,/projects,lustre,65536,0,init,0,8,ddn_nvme,1,raid0,65536,,,,,,,,,,1,1
LUSTRE,0,13727895150660522076,/projects/bdau/envs/sc2026/lib/python3.9/site-packages/hydra/core/__pycache__/config_search_path.cpython-39.pyc,/projects,lustre,65536,0,init,0,2,ddn_nvme,1,raid0,65536,,,,,,,,,,1,1
LUSTRE,0,13727909408132820659,/projects/bdau/envs/sc2026/lib/python3.9/site-packages/pandas/compat/__pycache__/__init__.cpython-39.pyc,/projects,lustre,65536,0,init,0,25,ddn_nvme,1,raid0,65536,,,,,,,,,,1,1
LUSTRE,0,13760840314012533666,/projects/bdau/envs/sc2026/lib/python3.9/site-packages/antlr4/__pycache__/InputStream.cpython-39.pyc,/projects,lustre,65536,0,init,0,3,ddn_nvme,1,raid0,65536,,,,,,,,,,1,1
LUSTRE,0,13780098778918680983,/projects/bdau/envs/sc2026/lib/python3.9/site-packages/pandas/core/arrays/arrow/__pycache__/__init__.cpython-39.pyc,/projects,lustre,65536,0,init,0,23,ddn_nvme,1,raid0,65536,,,,,,,,,,1,1
LUSTRE,0,13797377744304247321,/projects/bdau/envs/sc2026/lib/python3.9/site-packages/pytz/__pycache__/__init__.cpython-39.pyc,/projects,lustre,65536,0,init,0,0,ddn_nvme,1,raid0,65536,,,,,,,,,,1,1
LUSTRE,0,13873492035357244179,/projects/bdau/envs/sc2026/lib/python3.9/site-packages/dlio_benchmark/main.py,/projects,lustre,65536,0,init,0,0,ddn_nvme,1,raid0,65536,,,,,,,,,,1,1
LUSTRE,0,14011681313923222638,/projects/bdau/envs/sc2026/lib/python3.9/site-packages/numpy/matrixlib/__pycache__/__init__.cpython-39.pyc,/projects,lustre,65536,0,init,0,29,ddn_nvme,1,raid0,65536,,,,,,,,,,1,1
LUSTRE,0,14080233345027440937,/projects/bdau/envs/sc2026/lib/python3.9/site-packages/dateutil/tz/__pycache__/tz.cpython-39.pyc,/projects,lustre,65536,0,init,0,3,ddn_nvme,1,raid0,65536,,,,,,,,,,1,1
LUSTRE,0,1409905628976141322,/projects/bdau/envs/sc2026/lib/python3.9/site-packages/pandas/_config/__pycache__/dates.cpython-39.pyc,/projects,lustre,65536,0,init,0,22,ddn_nvme,1,raid0,65536,,,,,,,,,,1,1
LUSTRE,0,14118661900748695487,/projects/bdau/envs/sc2026/lib/python3.9/__pycache__/os.cpython-39.pyc,/projects,lustre,65536,0,init,0,1,ddn_nvme,1,raid0,65536,,,,,,,,,,1,1
LUSTRE,0,14129165623509473810,/projects/bdau/envs/sc2026/lib/python3.9/site-packages/pandas/compat/numpy/__pycache__/function.cpython-39.pyc,/projects,lustre,65536,0,init,0,9,ddn_nvme,1,raid0,65536,,,,,,,,,,1,1
LUSTRE,0,1416908132917581598,/projects/bdau/envs/sc2026/lib/python3.9/site-packages/hydra/main.py,/projects,lustre,65536,0,init,0,8,ddn_nvme,1,raid0,65536,,,,,,,,,,1,1
LUSTRE,0,1422412325089446874,/projects/bdau/envs/sc2026/lib/python3.9/site-packages/omegaconf/grammar/gen/__pycache__/__init__.cpython-39.pyc,/projects,lustre,65536,0,init,0,20,ddn_nvme,1,raid0,65536,,,,,,,,,,1,1
LUSTRE,0,14241013770300672964,/projects/bdau/envs/sc2026/lib/python3.9/site-packages/numexpr/__pycache__/utils.cpython-39.pyc,/projects,lustre,65536,0,init,0,23,ddn_nvme,1,raid0,65536,,,,,,,,,,1,1
LUSTRE,0,14300505335260904983,/projects/bdau/envs/sc2026/lib/python3.9/site-packages/antlr4/atn/__pycache__/Transition.cpython-39.pyc,/projects,lustre,65536,0,init,0,28,ddn_nvme,1,raid0,65536,,,,,,,,,,1,1
LUSTRE,0,14318510713843790251,/projects/bdau/envs/sc2026/lib/python3.9/site-packages/yaml/__pycache__/dumper.cpython-39.pyc,/projects,lustre,65536,0,init,0,31,ddn_nvme,1,raid0,65536,,,,,,,,,,1,1
LUSTRE,0,1432336082978580903,/projects/bdau/envs/sc2026/lib/python3.9/__pycache__/_sitebuiltins.cpython-39.pyc,/projects,lustre,65536,0,init,0,23,ddn_nvme,1,raid0,65536,,,,,,,,,,1,1
LUSTRE,0,14384096150719430793,/projects/bdau/envs/sc2026/lib/python3.9/site-packages/pandas/core/ops/__pycache__/__init__.cpython-39.pyc,/projects,lustre,65536,0,init,0,21,ddn_nvme,1,raid0,65536,,,,,,,,,,1,1
LUSTRE,0,1442041630716341623,/projects/bdau/envs/sc2026/lib/python3.9/encodings/__pycache__/utf_8.cpython-39.pyc,/projects,lustre,65536,0,init,0,0,ddn_nvme,1,raid0,65536,,,,,,,,,,1,1
LUSTRE,0,14569087915625900636,/projects/bdau/envs/sc2026/lib/python3.9/site-packages/yaml/__pycache__/loader.cpython-39.pyc,/projects,lustre,65536,0,init,0,26,ddn_nvme,1,raid0,65536,,,,,,,,,,1,1
LUSTRE,0,14583650626840037482,/projects/bdau/envs/sc2026/lib/python3.9/site-packages/antlr4/atn/__pycache__/ATNType.cpython-39.pyc,/projects,lustre,65536,0,init,0,23,ddn_nvme,1,raid0,65536,,,,,,,,,,1,1
LUSTRE,0,14627007115802727208,/projects/bdau/envs/sc2026/lib/python3.9/site-packages/dateutil/__pycache__/relativedelta.cpython-39.pyc,/projects,lustre,65536,0,init,0,20,ddn_nvme,1,raid0,65536,,,,,,,,,,1,1
LUSTRE,0,14721090267849873179,/projects/bdau/envs/sc2026/lib/python3.9/site-packages/antlr4/__pycache__/StdinStream.cpython-39.pyc,/projects,lustre,65536,0,init,0,8,ddn_nvme,1,raid0,65536,,,,,,,,,,1,1
LUSTRE,0,14823345372994625179,/projects/bdau/envs/sc2026/lib/python3.9/site-packages/pandas/util/__pycache__/_decorators.cpython-39.pyc,/projects,lustre,65536,0,init,0,30,ddn_nvme,1,raid0,65536,,,,,,,,,,1,1
LUSTRE,0,14844774576904062740,/projects/bdau/envs/sc2026/lib/python3.9/site-packages/omegaconf/resolvers/oc/__pycache__/dict.cpython-39.pyc,/projects,lustre,65536,0,init,0,9,ddn_nvme,1,raid0,65536,,,,,,,,,,1,1
LUSTRE,0,14885064089767667263,/projects/bdau/envs/sc2026/lib/python3.9/__pycache__/fnmatch.cpython-39.pyc,/projects,lustre,65536,0,init,0,0,ddn_nvme,1,raid0,65536,,,,,,,,,,1,1
LUSTRE,0,14886487703309546141,/projects/bdau/envs/sc2026/lib/python3.9/__pycache__/keyword.cpython-39.pyc,/projects,lustre,65536,0,init,0,22,ddn_nvme,1,raid0,65536,,,,,,,,,,1,1
LUSTRE,0,14893472989815691508,/projects/bdau/envs/sc2026/lib/python3.9/__pycache__/re.cpython-39.pyc,/projects,lustre,65536,0,init,0,0,ddn_nvme,1,raid0,65536,,,,,,,,,,1,1
LUSTRE,0,14898517578765318808,/projects/bdau/envs/sc2026/lib/python3.9/site-packages/numpy/__pycache__/dtypes.cpython-39.pyc,/projects,lustre,65536,0,init,0,8,ddn_nvme,1,raid0,65536,,,,,,,,,,1,1
LUSTRE,0,14987839751250485388,/projects/bdau/envs/sc2026/lib/python3.9/site-packages/pandas/core/arrays/__pycache__/base.cpython-39.pyc,/projects,lustre,65536,0,init,0,0,ddn_nvme,1,raid0,65536,536870912,65536,init,0,183,ddn_hdd,1,raid0,1048576,2,2
LUSTRE,0,15038277714391306146,/projects/bdau/envs/sc2026/lib/python3.9/encodings/__pycache__/latin_1.cpython-39.pyc,/projects,lustre,65536,0,init,0,0,ddn_nvme,1,raid0,65536,,,,,,,,,,1,1
LUSTRE,0,15044388274568903839,/projects/bdau/envs/sc2026/lib/python3.9/__pycache__/signal.cpython-39.pyc,/projects,lustre,65536,0,init,0,10,ddn_nvme,1,raid0,65536,,,,,,,,,,1,1
LUSTRE,0,15067965409329784870,/projects/bdau/envs/sc2026/lib/python3.9/site-packages/antlr4/atn/__pycache__/ParserATNSimulator.cpython-39.pyc,/projects,lustre,65536,0,init,0,0,ddn_nvme,1,raid0,65536,,,,,,,,,,1,1
LUSTRE,0,15095200244284300119,/projects/bdau/envs/sc2026/lib/python3.9/site-packages/omegaconf/__pycache__/dictconfig.cpython-39.pyc,/projects,lustre,65536,0,init,0,21,ddn_nvme,1,raid0,65536,,,,,,,,,,1,1
LUSTRE,0,15171716382341989322,/projects/bdau/envs/sc2026/lib/python3.9/site-packages/hydra/grammar/__pycache__/__init__.cpython-39.pyc,/projects,lustre,65536,0,init,0,2,ddn_nvme,1,raid0,65536,,,,,,,,,,1,1
LUSTRE,0,15204138386546854305,/projects/bdau/envs/sc2026/lib/python3.9/site-packages/antlr4/tree/__pycache__/TokenTagToken.cpython-39.pyc,/projects,lustre,65536,0,init,0,26,ddn_nvme,1,raid0,65536,,,,,,,,,,1,1
LUSTRE,0,15226192401756642469,/projects/bdau/envs/sc2026/lib/python3.9/site-packages/dateutil/__pycache__/_common.cpython-39.pyc,/projects,lustre,65536,0,init,0,23,ddn_nvme,1,raid0,65536,,,,,,,,,,1,1
LUSTRE,0,15258052201207384039,/projects/bdau/envs/sc2026/lib/python3.9/logging/__pycache__/__init__.cpython-39.pyc,/projects,lustre,65536,0,init,0,8,ddn_nvme,1,raid0,65536,536870912,65536,init,0,169,ddn_hdd,1,raid0,1048576,2,2
LUSTRE,0,15298915390314518512,/projects/bdau/envs/sc2026/lib/python3.9/site-packages/numpy/lib/__pycache__/_twodim_base_impl.cpython-39.pyc,/projects,lustre,65536,0,init,0,0,ddn_nvme,1,raid0,65536,,,,,,,,,,1,1
LUSTRE,0,15300898898916730762,/projects/bdau/envs/sc2026/lib/python3.9/__pycache__/lzma.cpython-39.pyc,/projects,lustre,65536,0,init,0,20,ddn_nvme,1,raid0,65536,,,,,,,,,,1,1
LUSTRE,0,15322282920936424361,/projects/bdau/envs/sc2026/lib/python3.9/site-packages/bottleneck/slow/__pycache__/reduce.cpython-39.pyc,/projects,lustre,65536,0,init,0,23,ddn_nvme,1,raid0,65536,,,,,,,,,,1,1
LUSTRE,0,15400707131440443837,/projects/bdau/envs/sc2026/lib/python3.9/__pycache__/random.cpython-39.pyc,/projects,lustre,65536,0,init,0,10,ddn_nvme,1,raid0,65536,,,,,,,,,,1,1
LUSTRE,0,15405108227179476133,/projects/bdau/envs/sc2026/lib/python3.9/site-packages/numpy/_typing/__pycache__/_nested_sequence.cpython-39.pyc,/projects,lustre,65536,0,init,0,9,ddn_nvme,1,raid0,65536,,,,,,,,,,1,1
LUSTRE,0,15458561292399762547,/projects/bdau/envs/sc2026/lib/python3.9/site-packages/hydra/core/__pycache__/default_element.cpython-39.pyc,/projects,lustre,65536,0,init,0,22,ddn_nvme,1,raid0,65536,,,,,,,,,,1,1
LUSTRE,0,1546877593004449841,/projects/bdau/envs/sc2026/lib/python3.9/site-packages/pyarrow/__pycache__/_compute_docstrings.cpython-39.pyc,/projects,lustre,65536,0,init,0,22,ddn_nvme,1,raid0,65536,,,,,,,,,,1,1
LUSTRE,0,15485288040149616293,/projects/bdau/envs/sc2026/lib/python3.9/site-packages/dlio_benchmark/common/__pycache__/__init__.cpython-39.pyc,/projects,lustre,65536,0,init,0,29,ddn_nvme,1,raid0,65536,,,,,,,,,,1,1
LUSTRE,0,15518334879184617870,/projects/bdau/envs/sc2026/lib/python3.9/__pycache__/base64.cpython-39.pyc,/projects,lustre,65536,0,init,0,10,ddn_nvme,1,raid0,65536,,,,,,,,,,1,1
LUSTRE,0,15561311347147779318,/projects/bdau/envs/sc2026/lib/python3.9/site-packages/numpy/_core/__pycache__/records.cpython-39.pyc,/projects,lustre,65536,0,init,0,22,ddn_nvme,1,raid0,65536,,,,,,,,,,1,1
LUSTRE,0,15591019174787290488,/projects/bdau/envs/sc2026/lib/python3.9/__pycache__/tracemalloc.cpython-39.pyc,/projects,lustre,65536,0,init,0,10,ddn_nvme,1,raid0,65536,,,,,,,,,,1,1
LUSTRE,0,15685043784602470678,/projects/bdau/envs/sc2026/lib/python3.9/site-packages/pandas/core/dtypes/__pycache__/inference.cpython-39.pyc,/projects,lustre,65536,0,init,0,2,ddn_nvme,1,raid0,65536,,,,,,,,,,1,1
LUSTRE,0,15713179534875056927,/projects/bdau/envs/sc2026/lib/python3.9/site-packages/hydra/plugins/__pycache__/sweeper.cpython-39.pyc,/projects,lustre,65536,0,init,0,20,ddn_nvme,1,raid0,65536,,,,,,,,,,1,1
LUSTRE,0,15743109201023131063,/projects/bdau/envs/sc2026/lib/python3.9/site-packages/dateutil/tz/__pycache__/win.cpython-39.pyc,/projects,lustre,65536,0,init,0,27,ddn_nvme,1,raid0,65536,,,,,,,,,,1,1
LUSTRE,0,15794219405525205115,/projects/bdau/envs/sc2026/lib/python3.9/site-packages/yaml/__pycache__/nodes.cpython-39.pyc,/projects,lustre,65536,0,init,0,23,ddn_nvme,1,raid0,65536,,,,,,,,,,1,1
LUSTRE,0,15867614492418506398,/projects/bdau/envs/sc2026/lib/python3.9/site-packages/antlr4/atn/__pycache__/ATNConfig.cpython-39.pyc,/projects,lustre,65536,0,init,0,9,ddn_nvme,1,raid0,65536,,,,,,,,,,1,1
LUSTRE,0,15878402053635779063,/projects/bdau/envs/sc2026/lib/python3.9/site-packages/omegaconf/__pycache__/errors.cpython-39.pyc,/projects,lustre,65536,0,init,0,3,ddn_nvme,1,raid0,65536,,,,,,,,,,1,1
LUSTRE,0,15879549726297557249,/projects/bdau/envs/sc2026/lib/python3.9/__pycache__/subprocess.cpython-39.pyc,/projects,lustre,65536,0,init,0,8,ddn_nvme,1,raid0,65536,,,,,,,,,,1,1
LUSTRE,0,15895910266672779764,/projects/bdau/envs/sc2026/lib/python3.9/__pycache__/pickle.cpython-39.pyc,/projects,lustre,65536,0,init,0,2,ddn_nvme,1,raid0,65536,,,,,,,,,,1,1
LUSTRE,0,15915844853844951341,/projects/bdau/envs/sc2026/lib/python3.9/__pycache__/queue.cpython-39.pyc,/projects,lustre,65536,0,init,0,29,ddn_nvme,1,raid0,65536,,,,,,,,,,1,1
LUSTRE,0,15951158330230033216,/projects/bdau/envs/sc2026/lib/python3.9/__pycache__/functools.cpython-39.pyc,/projects,lustre,65536,0,init,0,21,ddn_nvme,1,raid0,65536,,,,,,,,,,1,1
LUSTRE,0,15961706260609076705,/projects/bdau/envs/sc2026/lib/python3.9/__pycache__/_weakrefset.cpython-39.pyc,/projects,lustre,65536,0,init,0,8,ddn_nvme,1,raid0,65536,,,,,,,,,,1,1
LUSTRE,0,15969094100061136471,/projects/bdau/envs/sc2026/lib/python3.9/site-packages/hydra/core/override_parser/__pycache__/overrides_visitor.cpython-39.pyc,/projects,lustre,65536,0,init,0,3,ddn_nvme,1,raid0,65536,,,,,,,,,,1,1
LUSTRE,0,15976447779628926007,/projects/bdau/envs/sc2026/lib/python3.9/site-packages/numpy/lib/__pycache__/_function_base_impl.cpython-39.pyc,/projects,lustre,65536,0,init,0,0,ddn_nvme,1,raid0,65536,536870912,65536,init,0,157,ddn_hdd,1,raid0,1048576,2,2
LUSTRE,0,16064466520239845254,/projects/bdau/envs/sc2026/lib/python3.9/site-packages/dateutil/tz/__pycache__/_common.cpython-39.pyc,/projects,lustre,65536,0,init,0,3,ddn_nvme,1,raid0,65536,,,,,,,,,,1,1
LUSTRE,0,16072037676204759427,/projects/bdau/envs/sc2026/lib/python3.9/site-packages/numpy/_core/__pycache__/memmap.cpython-39.pyc,/projects,lustre,65536,0,init,0,22,ddn_nvme,1,raid0,65536,,,,,,,,,,1,1
LUSTRE,0,16087767626741545545,/projects/bdau/envs/sc2026/lib/python3.9/site-packages/hydra/core/__pycache__/__init__.cpython-39.pyc,/projects,lustre,65536,0,init,0,11,ddn_nvme,1,raid0,65536,,,,,,,,,,1,1
LUSTRE,0,16110476269793822636,/projects/bdau/envs/sc2026/lib/python3.9/site-packages/numpy/__pycache__/_globals.cpython-39.pyc,/projects,lustre,65536,0,init,0,8,ddn_nvme,1,raid0,65536,,,,,,,,,,1,1
LUSTRE,0,16110868423192005154,/projects/bdau/envs/sc2026/lib/python3.9/__pycache__/contextvars.cpython-39.pyc,/projects,lustre,65536,0,init,0,2,ddn_nvme,1,raid0,65536,,,,,,,,,,1,1
LUSTRE,0,16138538829104640231,/projects/bdau/envs/sc2026/lib/python3.9/site-packages/numpy/ma/__pycache__/__init__.cpython-39.pyc,/projects,lustre,65536,0,init,0,11,ddn_nvme,1,raid0,65536,,,,,,,,,,1,1
LUSTRE,0,16159785965692580255,/projects/bdau/envs/sc2026/lib/python3.9/site-packages/bottleneck/benchmark/__pycache__/bench_detailed.cpython-39.pyc,/projects,lustre,65536,0,init,0,21,ddn_nvme,1,raid0,65536,,,,,,,,,,1,1
LUSTRE,0,16206096154512494581,/projects/bdau/envs/sc2026/lib/python3.9/site-packages/numpy/_core/__pycache__/_string_helpers.cpython-39.pyc,/projects,lustre,65536,0,init,0,8,ddn_nvme,1,raid0,65536,,,,,,,,,,1,1
LUSTRE,0,16206979824222055555,/projects/bdau/envs/sc2026/lib/python3.9/site-packages/antlr4/__pycache__/BufferedTokenStream.cpython-39.pyc,/projects,lustre,65536,0,init,0,26,ddn_nvme,1,raid0,65536,,,,,,,,,,1,1
LUSTRE,0,16231872370505298781,/projects/bdau/envs/sc2026/lib/python3.9/site-packages/hydra/_internal/grammar/__pycache__/__init__.cpython-39.pyc,/projects,lustre,65536,0,init,0,9,ddn_nvme,1,raid0,65536,,,,,,,,,,1,1
LUSTRE,0,16245057523139659474,/projects/bdau/envs/sc2026/lib/python3.9/site-packages/numpy/lib/__pycache__/npyio.cpython-39.pyc,/projects,lustre,65536,0,init,0,10,ddn_nvme,1,raid0,65536,,,,,,,,,,1,1
LUSTRE,0,16251059713182457830,/projects/bdau/envs/sc2026/lib/python3.9/__pycache__/token.cpython-39.pyc,/projects,lustre,65536,0,init,0,8,ddn_nvme,1,raid0,65536,,,,,,,,,,1,1
LUSTRE,0,16254057091995798222,/projects/bdau/envs/sc2026/lib/python3.9/site-packages/hydra/core/override_parser/__pycache__/__init__.cpython-39.pyc,/projects,lustre,65536,0,init,0,9,ddn_nvme,1,raid0,65536,,,,,,,,,,1,1
LUSTRE,0,16290236755544659473,/projects/bdau/envs/sc2026/lib/python3.9/site-packages/numpy/lib/__pycache__/_npyio_impl.cpython-39.pyc,/projects,lustre,65536,0,init,0,9,ddn_nvme,1,raid0,65536,536870912,65536,init,0,169,ddn_hdd,1,raid0,1048576,2,2
LUSTRE,0,16306417112070379616,/projects/bdau/envs/sc2026/lib/python3.9/__pycache__/string.cpython-39.pyc,/projects,lustre,65536,0,init,0,9,ddn_nvme,1,raid0,65536,,,,,,,,,,1,1
LUSTRE,0,16339669825726892305,/projects/bdau/envs/sc2026/lib/python3.9/site-packages/numpy/_core/__pycache__/_exceptions.cpython-39.pyc,/projects,lustre,65536,0,init,0,0,ddn_nvme,1,raid0,65536,,,,,,,,,,1,1
LUSTRE,0,16376801110433094763,/projects/bdau/envs/sc2026/lib/python3.9/site-packages/numpy/lib/__pycache__/_utils_impl.cpython-39.pyc,/projects,lustre,65536,0,init,0,21,ddn_nvme,1,raid0,65536,,,,,,,,,,1,1
LUSTRE,0,1638210975089253977,/projects/bdau/envs/sc2026/lib/python3.9/site-packages/numpy/lib/__pycache__/_stride_tricks_impl.cpython-39.pyc,/projects,lustre,65536,0,init,0,1,ddn_nvme,1,raid0,65536,,,,,,,,,,1,1
LUSTRE,0,16390149041399903026,/projects/bdau/envs/sc2026/lib/python3.9/site-packages/numpy/linalg/__pycache__/_linalg.cpython-39.pyc,/projects,lustre,65536,0,init,0,20,ddn_nvme,1,raid0,65536,536870912,65536,init,0,157,ddn_hdd,1,raid0,1048576,2,2
LUSTRE,0,16436128925349375733,/projects/bdau/envs/sc2026/lib/python3.9/site-packages/pandas/_config/__pycache__/localization.cpython-39.pyc,/projects,lustre,65536,0,init,0,27,ddn_nvme,1,raid0,65536,,,,,,,,,,1,1
LUSTRE,0,16481738004203652567,/projects/bdau/envs/sc2026/lib/python3.9/site-packages/hydra/plugins/__pycache__/__init__.cpython-39.pyc,/projects,lustre,65536,0,init,0,3,ddn_nvme,1,raid0,65536,,,,,,,,,,1,1
LUSTRE,0,16500184761803510092,/projects/bdau/envs/sc2026/lib/python3.9/site-packages/hydra/plugins/__pycache__/plugin.cpython-39.pyc,/projects,lustre,65536,0,init,0,24,ddn_nvme,1,raid0,65536,,,,,,,,,,1,1
LUSTRE,0,16517908429890066010,/projects/bdau/envs/sc2026/lib/python3.9/site-packages/numpy/_core/__pycache__/_asarray.cpython-39.pyc,/projects,lustre,65536,0,init,0,9,ddn_nvme,1,raid0,65536,,,,,,,,,,1,1
LUSTRE,0,16563673381835478841,/projects/bdau/envs/sc2026/lib/python3.9/site-packages/yaml/__pycache__/parser.cpython-39.pyc,/projects,lustre,65536,0,init,0,22,ddn_nvme,1,raid0,65536,,,,,,,,,,1,1
LUSTRE,0,16583831721572679605,/projects/bdau/envs/sc2026/lib/python3.9/site-packages/dftracer/logger.py,/projects,lustre,65536,0,init,0,3,ddn_nvme,1,raid0,65536,,,,,,,,,,1,1
LUSTRE,0,16591281445457910393,/projects/bdau/envs/sc2026/lib/python3.9/site-packages/pandas/_config/__pycache__/display.cpython-39.pyc,/projects,lustre,65536,0,init,0,23,ddn_nvme,1,raid0,65536,,,,,,,,,,1,1
LUSTRE,0,1666523068083541670,/projects/bdau/envs/sc2026/lib/python3.9/site-packages/cloudpickle/__pycache__/__init__.cpython-39.pyc,/projects,lustre,65536,0,init,0,21,ddn_nvme,1,raid0,65536,,,,,,,,,,1,1
LUSTRE,0,16729900415776402170,/projects/bdau/envs/sc2026/lib/python3.9/site-packages/pyarrow/__pycache__/compute.cpython-39.pyc,/projects,lustre,65536,0,init,0,26,ddn_nvme,1,raid0,65536,,,,,,,,,,1,1
LUSTRE,0,16749826331903180034,/projects/bdau/envs/sc2026/lib/python3.9/logging/__pycache__/config.cpython-39.pyc,/projects,lustre,65536,0,init,0,9,ddn_nvme,1,raid0,65536,,,,,,,,,,1,1
LUSTRE,0,16767089305010609531,/projects/bdau/envs/sc2026/lib/python3.9/site-packages/pandas/core/array_algos/__pycache__/take.cpython-39.pyc,/projects,lustre,65536,0,init,0,2,ddn_nvme,1,raid0,65536,,,,,,,,,,1,1
LUSTRE,0,16767146268781528375,/projects/bdau/envs/sc2026/lib/python3.9/ctypes/__pycache__/_endian.cpython-39.pyc,/projects,lustre,65536,0,init,0,0,ddn_nvme,1,raid0,65536,,,,,,,,,,1,1
LUSTRE,0,16837219916464577300,/projects/bdau/envs/sc2026/lib/python3.9/site-packages/numpy/lib/__pycache__/_arrayterator_impl.cpython-39.pyc,/projects,lustre,65536,0,init,0,21,ddn_nvme,1,raid0,65536,,,,,,,,,,1,1
LUSTRE,0,16846599818142147252,/projects/bdau/envs/sc2026/lib/python3.9/site-packages/hydra/_internal/__pycache__/config_loader_impl.cpython-39.pyc,/projects,lustre,65536,0,init,0,3,ddn_nvme,1,raid0,65536,,,,,,,,,,1,1
LUSTRE,0,16856485171888915411,/projects/bdau/envs/sc2026/lib/python3.9/site-packages/bottleneck/__pycache__/_version.cpython-39.pyc,/projects,lustre,65536,0,init,0,8,ddn_nvme,1,raid0,65536,,,,,,,,,,1,1
LUSTRE,0,16876190558117575891,/projects/bdau/envs/sc2026/lib/python3.9/zoneinfo/__pycache__/_tzpath.cpython-39.pyc,/projects,lustre,65536,0,init,0,22,ddn_nvme,1,raid0,65536,,,,,,,,,,1,1
LUSTRE,0,16997563330451459150,/projects/bdau/envs/sc2026/lib/python3.9/site-packages/numexpr/__pycache__/__init__.cpython-39.pyc,/projects,lustre,65536,0,init,0,9,ddn_nvme,1,raid0,65536,,,,,,,,,,1,1
LUSTRE,0,17007159284772971964,/projects/bdau/envs/sc2026/lib/python3.9/site-packages/antlr4/__pycache__/CommonTokenStream.cpython-39.pyc,/projects,lustre,65536,0,init,0,31,ddn_nvme,1,raid0,65536,,,,,,,,,,1,1
LUSTRE,0,17060515313967207959,/projects/bdau/envs/sc2026/lib/python3.9/site-packages/antlr4/atn/__pycache__/ATNDeserializationOptions.cpython-39.pyc,/projects,lustre,65536,0,init,0,8,ddn_nvme,1,raid0,65536,,,,,,,,,,1,1
LUSTRE,0,17064570033718104904,/projects/bdau/envs/sc2026/lib/python3.9/site-packages/yaml/__pycache__/reader.cpython-39.pyc,/projects,lustre,65536,0,init,0,20,ddn_nvme,1,raid0,65536,,,,,,,,,,1,1
LUSTRE,0,17071874223540193263,/projects/bdau/envs/sc2026/lib/python3.9/site-packages/pyarrow/vendored/__pycache__/__init__.cpython-39.pyc,/projects,lustre,65536,0,init,0,8,ddn_nvme,1,raid0,65536,,,,,,,,,,1,1
LUSTRE,0,17122996541069715679,/projects/bdau/envs/sc2026/lib/python3.9/site-packages/numpy/_core/__pycache__/overrides.cpython-39.pyc,/projects,lustre,65536,0,init,0,2,ddn_nvme,1,raid0,65536,,,,,,,,,,1,1
LUSTRE,0,17148219114936330495,/projects/bdau/envs/sc2026/lib/python3.9/site-packages/numpy/_core/__pycache__/_add_newdocs_scalars.cpython-39.pyc,/projects,lustre,65536,0,init,0,21,ddn_nvme,1,raid0,65536,,,,,,,,,,1,1
LUSTRE,0,17257114752910105170,/projects/bdau/envs/sc2026/lib/python3.9/site-packages/hydra/_internal/__pycache__/utils.cpython-39.pyc,/projects,lustre,65536,0,init,0,30,ddn_nvme,1,raid0,65536,,,,,,,,,,1,1
LUSTRE,0,17342655899853808726,/projects/bdau/envs/sc2026/lib/python3.9/site-packages/hydra/_internal/__pycache__/deprecation_warning.cpython-39.pyc,/projects,lustre,65536,0,init,0,2,ddn_nvme,1,raid0,65536,,,,,,,,,,1,1
LUSTRE,0,17343433677981730691,/projects/bdau/envs/sc2026/lib/python3.9/site-packages/hydra/core/override_parser/__pycache__/types.cpython-39.pyc,/projects,lustre,65536,0,init,0,25,ddn_nvme,1,raid0,65536,,,,,,,,,,1,1
LUSTRE,0,17359413574674694922,/projects/bdau/envs/sc2026/lib/python3.9/site-packages/numpy/linalg/__pycache__/__init__.cpython-39.pyc,/projects,lustre,65536,0,init,0,8,ddn_nvme,1,raid0,65536,,,,,,,,,,1,1
LUSTRE,0,17399148447116365723,/projects/bdau/envs/sc2026/lib/python3.9/importlib/__pycache__/util.cpython-39.pyc,/projects,lustre,65536,0,init,0,10,ddn_nvme,1,raid0,65536,,,,,,,,,,1,1
LUSTRE,0,17419089737711747664,/projects/bdau/envs/sc2026/lib/python3.9/site-packages/antlr4/__pycache__/IntervalSet.cpython-39.pyc,/projects,lustre,65536,0,init,0,10,ddn_nvme,1,raid0,65536,,,,,,,,,,1,1
LUSTRE,0,17430740832862789296,/projects/bdau/envs/sc2026/lib/python3.9/site-packages/pyarrow/__pycache__/util.cpython-39.pyc,/projects,lustre,65536,0,init,0,10,ddn_nvme,1,raid0,65536,,,,,,,,,,1,1
LUSTRE,0,17438156979669249200,/projects/bdau/envs/sc2026/lib/python3.9/site-packages/pandas/core/__pycache__/construction.cpython-39.pyc,/projects,lustre,65536,0,init,0,11,ddn_nvme,1,raid0,65536,,,,,,,,,,1,1
LUSTRE,0,17446538417740698600,/projects/bdau/envs/sc2026/lib/python3.9/site-packages/antlr4/tree/__pycache__/ParseTreePatternMatcher.cpython-39.pyc,/projects,lustre,65536,0,init,0,21,ddn_nvme,1,raid0,65536,,,,,,,,,,1,1
LUSTRE,0,1744754455055430365,/projects/bdau/envs/sc2026/lib/python3.9/site-packages/antlr4/error/__pycache__/ErrorListener.cpython-39.pyc,/projects,lustre,65536,0,init,0,10,ddn_nvme,1,raid0,65536,,,,,,,,,,1,1
LUSTRE,0,17458449632653400791,/projects/bdau/envs/sc2026/lib/python3.9/site-packages/numpy/lib/__pycache__/_type_check_impl.cpython-39.pyc,/projects,lustre,65536,0,init,0,22,ddn_nvme,1,raid0,65536,,,,,,,,,,1,1
LUSTRE,0,17546754981277304403,/projects/bdau/envs/sc2026/lib/python3.9/site-packages/hydra/_internal/__pycache__/defaults_list.cpython-39.pyc,/projects,lustre,65536,0,init,0,23,ddn_nvme,1,raid0,65536,,,,,,,,,,1,1
LUSTRE,0,17559814712283588243,/projects/bdau/envs/sc2026/lib/python3.9/site-packages/omegaconf/__pycache__/omegaconf.cpython-39.pyc,/projects,lustre,65536,0,init,0,3,ddn_nvme,1,raid0,65536,,,,,,,,,,1,1
LUSTRE,0,17572332346911189455,/projects/bdau/envs/sc2026/lib/python3.9/site-packages/numpy/_typing/__pycache__/_dtype_like.cpython-39.pyc,/projects,lustre,65536,0,init,0,8,ddn_nvme,1,raid0,65536,,,,,,,,,,1,1
LUSTRE,0,176020287424792429,/projects/bdau/envs/sc2026/lib/python3.9/__pycache__/gettext.cpython-39.pyc,/projects,lustre,65536,0,init,0,8,ddn_nvme,1,raid0,65536,,,,,,,,,,1,1
LUSTRE,0,17602103743655022644,/projects/bdau/envs/sc2026/lib/python3.9/site-packages/pandas/core/indexers/__pycache__/__init__.cpython-39.pyc,/projects,lustre,65536,0,init,0,9,ddn_nvme,1,raid0,65536,,,,,,,,,,1,1
LUSTRE,0,17679973316174218135,/projects/bdau/envs/sc2026/lib/python3.9/site-packages/hydra/core/__pycache__/config_store.cpython-39.pyc,/projects,lustre,65536,0,init,0,21,ddn_nvme,1,raid0,65536,,,,,,,,,,1,1
LUSTRE,0,17705839640811086660,/projects/bdau/envs/sc2026/lib/python3.9/site-packages/omegaconf/grammar/__pycache__/__init__.cpython-39.pyc,/projects,lustre,65536,0,init,0,0,ddn_nvme,1,raid0,65536,,,,,,,,,,1,1
LUSTRE,0,1772420335975125380,/projects/bdau/envs/sc2026/lib/python3.9/__pycache__/ast.cpython-39.pyc,/projects,lustre,65536,0,init,0,10,ddn_nvme,1,raid0,65536,,,,,,,,,,1,1
LUSTRE,0,178109953446786058,/projects/bdau/envs/sc2026/lib/python3.9/site-packages/hydra/core/__pycache__/singleton.cpython-39.pyc,/projects,lustre,65536,0,init,0,9,ddn_nvme,1,raid0,65536,,,,,,,,,,1,1
LUSTRE,0,17836597326197128811,/projects/bdau/envs/sc2026/lib/python3.9/site-packages/numpy/_utils/__pycache__/_convertions.cpython-39.pyc,/projects,lustre,65536,0,init,0,8,ddn_nvme,1,raid0,65536,,,,,,,,,,1,1
LUSTRE,0,17844089871553262350,/projects/bdau/envs/sc2026/lib/python3.9/__pycache__/dataclasses.cpython-39.pyc,/projects,lustre,65536,0,init,0,24,ddn_nvme,1,raid0,65536,,,,,,,,,,1,1
LUSTRE,0,17848729537224981603,/projects/bdau/envs/sc2026/lib/python3.9/__pycache__/socket.cpython-39.pyc,/projects,lustre,65536,0,init,0,22,ddn_nvme,1,raid0,65536,,,,,,,,,,1,1
LUSTRE,0,17901894510320365960,/projects/bdau/envs/sc2026/lib/python3.9/site-packages/numpy/_core/__pycache__/_machar.cpython-39.pyc,/projects,lustre,65536,0,init,0,23,ddn_nvme,1,raid0,65536,,,,,,,,,,1,1
LUSTRE,0,17928812349114447057,/projects/bdau/envs/sc2026/lib/python3.9/collections/__pycache__/__init__.cpython-39.pyc,/projects,lustre,65536,0,init,0,2,ddn_nvme,1,raid0,65536,,,,,,,,,,1,1
LUSTRE,0,17943446582591279384,/projects/bdau/envs/sc2026/lib/python3.9/site-packages/numpy/lib/__pycache__/_histograms_impl.cpython-39.pyc,/projects,lustre,65536,0,init,0,25,ddn_nvme,1,raid0,65536,,,,,,,,,,1,1
LUSTRE,0,17950933826396178875,/projects/bdau/envs/sc2026/lib/python3.9/site-packages/dlio_benchmark/checkpointing/__pycache__/checkpointing_factory.cpython-39.pyc,/projects,lustre,65536,0,init,0,20,ddn_nvme,1,raid0,65536,,,,,,,,,,1,1
LUSTRE,0,18002903674838708552,/projects/bdau/envs/sc2026/lib/python3.9/site-packages/pandas/core/dtypes/__pycache__/astype.cpython-39.pyc,/projects,lustre,65536,0,init,0,2,ddn_nvme,1,raid0,65536,,,,,,,,,,1,1
LUSTRE,0,18017143135259307158,/projects/bdau/envs/sc2026/lib/python3.9/site-packages/numpy/_core/__pycache__/einsumfunc.cpython-39.pyc,/projects,lustre,65536,0,init,0,9,ddn_nvme,1,raid0,65536,,,,,,,,,,1,1
LUSTRE,0,18026449855260248274,/projects/bdau/envs/sc2026/lib/python3.9/site-packages/numpy/_core/__pycache__/fromnumeric.cpython-39.pyc,/projects,lustre,65536,0,init,0,21,ddn_nvme,1,raid0,65536,536870912,65536,init,0,156,ddn_hdd,1,raid0,1048576,2,2
LUSTRE,0,18039905915586457670,/projects/bdau/envs/sc2026/lib/python3.9/__pycache__/decimal.cpython-39.pyc,/projects,lustre,65536,0,init,0,11,ddn_nvme,1,raid0,65536,,,,,,,,,,1,1
LUSTRE,0,18059144531958679463,/projects/bdau/envs/sc2026/lib/python3.9/site-packages/antlr4/tree/__pycache__/__init__.cpython-39.pyc,/projects,lustre,65536,0,init,0,10,ddn_nvme,1,raid0,65536,,,,,,,,,,1,1
LUSTRE,0,18066544382818965236,/projects/bdau/envs/sc2026/lib/python3.9/collections/__pycache__/abc.cpython-39.pyc,/projects,lustre,65536,0,init,0,8,ddn_nvme,1,raid0,65536,,,,,,,,,,1,1
LUSTRE,0,18142927729011808456,/projects/bdau/envs/sc2026/lib/python3.9/site-packages/__pycache__/six.cpython-39.pyc,/projects,lustre,65536,0,init,0,26,ddn_nvme,1,raid0,65536,,,,,,,,,,1,1
LUSTRE,0,18170811666971224136,/projects/bdau/envs/sc2026/lib/python3.9/__pycache__/heapq.cpython-39.pyc,/projects,lustre,65536,0,init,0,0,ddn_nvme,1,raid0,65536,,,,,,,,,,1,1
LUSTRE,0,18171852496491366307,/projects/bdau/envs/sc2026/lib/python3.9/site-packages/antlr4/atn/__pycache__/ATN.cpython-39.pyc,/projects,lustre,65536,0,init,0,29,ddn_nvme,1,raid0,65536,,,,,,,,,,1,1
LUSTRE,0,18184722883239134276,/projects/bdau/envs/sc2026/lib/python3.9/site-packages/pandas/core/__pycache__/algorithms.cpython-39.pyc,/projects,lustre,65536,0,init,0,0,ddn_nvme,1,raid0,65536,,,,,,,,,,1,1
LUSTRE,0,18274813041762774450,/projects/bdau/envs/sc2026/lib/python3.9/__pycache__/typing.cpython-39.pyc,/projects,lustre,65536,0,init,0,3,ddn_nvme,1,raid0,65536,536870912,65536,init,0,184,ddn_hdd,1,raid0,1048576,2,2
LUSTRE,0,18289191702832173991,/projects/bdau/envs/sc2026/lib/python3.9/__pycache__/__future__.cpython-39.pyc,/projects,lustre,65536,0,init,0,23,ddn_nvme,1,raid0,65536,,,,,,,,,,1,1
LUSTRE,0,18293653247762814810,/projects/bdau/envs/sc2026/lib/python3.9/site-packages/numpy/__pycache__/version.cpython-39.pyc,/projects,lustre,65536,0,init,0,9,ddn_nvme,1,raid0,65536,,,,,,,,,,1,1
LUSTRE,0,18302497227328738833,/projects/bdau/envs/sc2026/lib/python3.9/site-packages/yaml/__pycache__/composer.cpython-39.pyc,/projects,lustre,65536,0,init,0,10,ddn_nvme,1,raid0,65536,,,,,,,,,,1,1
LUSTRE,0,18309281558434786427,/projects/bdau/envs/sc2026/lib/python3.9/site-packages/antlr4/atn/__pycache__/ATNConfigSet.cpython-39.pyc,/projects,lustre,65536,0,init,0,9,ddn_nvme,1,raid0,65536,,,,,,,,,,1,1
LUSTRE,0,18386119448493634569,/projects/bdau/envs/sc2026/lib/python3.9/site-packages/pandas/compat/__pycache__/_constants.cpython-39.pyc,/projects,lustre,65536,0,init,0,23,ddn_nvme,1,raid0,65536,,,,,,,,,,1,1
LUSTRE,0,18404162504907045729,/projects/bdau/envs/sc2026/lib/python3.9/site-packages/antlr4/__pycache__/Lexer.cpython-39.pyc,/projects,lustre,65536,0,init,0,2,ddn_nvme,1,raid0,65536,,,,,,,,,,1,1
LUSTRE,0,18434224387684124756,/projects/bdau/envs/sc2026/lib/python3.9/site-packages/hydra/conf/__pycache__/__init__.cpython-39.pyc,/projects,lustre,65536,0,init,0,9,ddn_nvme,1,raid0,65536,,,,,,,,,,1,1
LUSTRE,0,1878425968345288031,/projects/bdau/envs/sc2026/lib/python3.9/site-packages/bottleneck/slow/__pycache__/move.cpython-39.pyc,/projects,lustre,65536,0,init,0,11,ddn_nvme,1,raid0,65536,,,,,,,,,,1,1
LUSTRE,0,1911643522202884911,/projects/bdau/envs/sc2026/lib/python3.9/site-packages/hydra/_internal/instantiate/__pycache__/_instantiate2.cpython-39.pyc,/projects,lustre,65536,0,init,0,10,ddn_nvme,1,raid0,65536,,,,,,,,,,1,1
LUSTRE,0,2096464982473831448,/projects/bdau/envs/sc2026/lib/python3.9/site-packages/antlr4/__pycache__/CommonTokenFactory.cpython-39.pyc,/projects,lustre,65536,0,init,0,3,ddn_nvme,1,raid0,65536,,,,,,,,,,1,1
LUSTRE,0,2099680727920508857,/projects/bdau/envs/sc2026/lib/python3.9/site-packages/antlr4/atn/__pycache__/ATNDeserializer.cpython-39.pyc,/projects,lustre,65536,0,init,0,22,ddn_nvme,1,raid0,65536,,,,,,,,,,1,1
LUSTRE,0,2104259530164459381,/projects/bdau/envs/sc2026/lib/python3.9/__pycache__/sre_parse.cpython-39.pyc,/projects,lustre,65536,0,init,0,9,ddn_nvme,1,raid0,65536,,,,,,,,,,1,1
LUSTRE,0,230239946227900861,/projects/bdau/envs/sc2026/lib/python3.9/site-packages/antlr4/__pycache__/FileStream.cpython-39.pyc,/projects,lustre,65536,0,init,0,20,ddn_nvme,1,raid0,65536,,,,,,,,,,1,1
LUSTRE,0,2307232727294846072,/projects/bdau/envs/sc2026/lib/python3.9/site-packages/antlr4/__pycache__/__init__.cpython-39.pyc,/projects,lustre,65536,0,init,0,11,ddn_nvme,1,raid0,65536,,,,,,,,,,1,1
LUSTRE,0,2366117991282295244,/projects/bdau/envs/sc2026/lib/python3.9/site-packages/antlr4/atn/__pycache__/PredictionMode.cpython-39.pyc,/projects,lustre,65536,0,init,0,11,ddn_nvme,1,raid0,65536,,,,,,,,,,1,1
LUSTRE,0,2374185978496600630,/projects/bdau/envs/sc2026/lib/python3.9/__pycache__/_compat_pickle.cpython-39.pyc,/projects,lustre,65536,0,init,0,11,ddn_nvme,1,raid0,65536,,,,,,,,,,1,1
LUSTRE,0,2380194587486677265,/projects/bdau/envs/sc2026/lib/python3.9/site-packages/antlr4/error/__pycache__/ErrorStrategy.cpython-39.pyc,/projects,lustre,65536,0,init,0,1,ddn_nvme,1,raid0,65536,,,,,,,,,,1,1
LUSTRE,0,240791177387403563,/projects/bdau/envs/sc2026/lib/python3.9/site-packages/antlr4/dfa/__pycache__/DFAState.cpython-39.pyc,/projects,lustre,65536,0,init,0,0,ddn_nvme,1,raid0,65536,,,,,,,,,,1,1
LUSTRE,0,2430719721597725856,/projects/bdau/envs/sc2026/lib/python3.9/__pycache__/types.cpython-39.pyc,/projects,lustre,65536,0,init,0,20,ddn_nvme,1,raid0,65536,,,,,,,,,,1,1
LUSTRE,0,2504217735948174923,/projects/bdau/envs/sc2026/lib/python3.9/__pycache__/enum.cpython-39.pyc,/projects,lustre,65536,0,init,0,23,ddn_nvme,1,raid0,65536,,,,,,,,,,1,1
LUSTRE,0,2539687039670412898,/projects/bdau/envs/sc2026/lib/python3.9/site-packages/dateutil/parser/__pycache__/isoparser.cpython-39.pyc,/projects,lustre,65536,0,init,0,21,ddn_nvme,1,raid0,65536,,,,,,,,,,1,1
LUSTRE,0,2739348174439959716,/projects/bdau/envs/sc2026/lib/python3.9/site-packages/numpy/lib/__pycache__/_array_utils_impl.cpython-39.pyc,/projects,lustre,65536,0,init,0,23,ddn_nvme,1,raid0,65536,,,,,,,,,,1,1
LUSTRE,0,2767671031425404894,/projects/bdau/envs/sc2026/lib/python3.9/site-packages/antlr4/__pycache__/Token.cpython-39.pyc,/projects,lustre,65536,0,init,0,2,ddn_nvme,1,raid0,65536,,,,,,,,,,1,1
LUSTRE,0,2770138675119211326,/projects/bdau/envs/sc2026/lib/python3.9/site-packages/numpy/_core/__pycache__/_type_aliases.cpython-39.pyc,/projects,lustre,65536,0,init,0,30,ddn_nvme,1,raid0,65536,,,,,,,,,,1,1
LUSTRE,0,2779645230618457423,/projects/bdau/envs/sc2026/lib/python3.9/site-packages/antlr4/atn/__pycache__/SemanticContext.cpython-39.pyc,/projects,lustre,65536,0,init,0,3,ddn_nvme,1,raid0,65536,,,,,,,,,,1,1
LUSTRE,0,2807586050085625863,/projects/bdau/envs/sc2026/lib/python3.9/__pycache__/hashlib.cpython-39.pyc,/projects,lustre,65536,0,init,0,20,ddn_nvme,1,raid0,65536,,,,,,,,,,1,1
LUSTRE,0,2825881038145917130,/projects/bdau/envs/sc2026/lib/python3.9/site-packages/hydra/__pycache__/errors.cpython-39.pyc,/projects,lustre,65536,0,init,0,24,ddn_nvme,1,raid0,65536,,,,,,,,,,1,1
LUSTRE,0,283720060558888380,/projects/bdau/envs/sc2026/lib/python3.9/site-packages/bottleneck/slow/__pycache__/__init__.cpython-39.pyc,/projects,lustre,65536,0,init,0,1,ddn_nvme,1,raid0,65536,,,,,,,,,,1,1
LUSTRE,0,2879828546759806941,/projects/bdau/envs/sc2026/lib/python3.9/site-packages/antlr4/__pycache__/Recognizer.cpython-39.pyc,/projects,lustre,65536,0,init,0,23,ddn_nvme,1,raid0,65536,,,,,,,,,,1,1
LUSTRE,0,2894126791895360837,/projects/bdau/envs/sc2026/lib/python3.9/site-packages/psutil/__pycache__/_pslinux.cpython-39.pyc,/projects,lustre,65536,0,init,0,20,ddn_nvme,1,raid0,65536,,,,,,,,,,1,1
LUSTRE,0,2917486152493679757,/projects/bdau/envs/sc2026/lib/python3.9/site-packages/hydra/__pycache__/initialize.cpython-39.pyc,/projects,lustre,65536,0,init,0,11,ddn_nvme,1,raid0,65536,,,,,,,,,,1,1
LUSTRE,0,2950791305542215046,/projects/bdau/envs/sc2026/lib/python3.9/site-packages/yaml/__pycache__/error.cpython-39.pyc,/projects,lustre,65536,0,init,0,21,ddn_nvme,1,raid0,65536,,,,,,,,,,1,1
LUSTRE,0,2964599929027161120,/projects/bdau/envs/sc2026/lib/python3.9/site-packages/dlio_benchmark/common/__pycache__/error_code.cpython-39.pyc,/projects,lustre,65536,0,init,0,22,ddn_nvme,1,raid0,65536,,,,,,,,,,1,1
LUSTRE,0,3010079179104686253,/projects/bdau/envs/sc2026/lib/python3.9/site-packages/numexpr/__pycache__/necompiler.cpython-39.pyc,/projects,lustre,65536,0,init,0,29,ddn_nvme,1,raid0,65536,,,,,,,,,,1,1
LUSTRE,0,3046690821643441464,/projects/bdau/envs/sc2026/lib/python3.9/site-packages/bottleneck/benchmark/__pycache__/__init__.cpython-39.pyc,/projects,lustre,65536,0,init,0,27,ddn_nvme,1,raid0,65536,,,,,,,,,,1,1
LUSTRE,0,3060510687291437179,/projects/bdau/envs/sc2026/lib/python3.9/site-packages/dlio_benchmark/utils/__pycache__/__init__.cpython-39.pyc,/projects,lustre,65536,0,init,0,25,ddn_nvme,1,raid0,65536,,,,,,,,,,1,1
LUSTRE,0,3067619826502768639,/projects/bdau/envs/sc2026/lib/python3.9/site-packages/dateutil/tz/__pycache__/__init__.cpython-39.pyc,/projects,lustre,65536,0,init,0,1,ddn_nvme,1,raid0,65536,,,,,,,,,,1,1
LUSTRE,0,3096516227493228481,/projects/bdau/envs/sc2026/lib/python3.9/site-packages/hydra/__pycache__/compose.cpython-39.pyc,/projects,lustre,65536,0,init,0,8,ddn_nvme,1,raid0,65536,,,,,,,,,,1,1
LUSTRE,0,3102079988581413413,/projects/bdau/envs/sc2026/lib/python3.9/site-packages/numpy/lib/__pycache__/mixins.cpython-39.pyc,/projects,lustre,65536,0,init,0,24,ddn_nvme,1,raid0,65536,,,,,,,,,,1,1
LUSTRE,0,3224935661893453384,/projects/bdau/envs/sc2026/lib/python3.9/__pycache__/bz2.cpython-39.pyc,/projects,lustre,65536,0,init,0,23,ddn_nvme,1,raid0,65536,,,,,,,,,,1,1
LUSTRE,0,3266317479013290337,/projects/bdau/envs/sc2026/lib/python3.9/site-packages/hydra/_internal/__pycache__/callbacks.cpython-39.pyc,/projects,lustre,65536,0,init,0,10,ddn_nvme,1,raid0,65536,,,,,,,,,,1,1
LUSTRE,0,3302832501332161619,/projects/bdau/envs/sc2026/lib/python3.9/urllib/__pycache__/__init__.cpython-39.pyc,/projects,lustre,65536,0,init,0,1,ddn_nvme,1,raid0,65536,,,,,,,,,,1,1
LUSTRE,0,3324616788778339633,/projects/bdau/envs/sc2026/lib/python3.9/site-packages/pytz/__pycache__/lazy.cpython-39.pyc,/projects,lustre,65536,0,init,0,11,ddn_nvme,1,raid0,65536,,,,,,,,,,1,1
LUSTRE,0,3332081308000901683,/projects/bdau/envs/sc2026/lib/python3.9/site-packages/hydra/_internal/__pycache__/sources_registry.cpython-39.pyc,/projects,lustre,65536,0,init,0,1,ddn_nvme,1,raid0,65536,,,,,,,,,,1,1
LUSTRE,0,3361305531628945840,/projects/bdau/envs/sc2026/lib/python3.9/json/__pycache__/encoder.cpython-39.pyc,/projects,lustre,65536,0,init,0,0,ddn_nvme,1,raid0,65536,,,,,,,,,,1,1
LUSTRE,0,3367713842789951930,/projects/bdau/envs/sc2026/lib/python3.9/site-packages/hydra/core/__pycache__/config_loader.cpython-39.pyc,/projects,lustre,65536,0,init,0,2,ddn_nvme,1,raid0,65536,,,,,,,,,,1,1
LUSTRE,0,3420905248071070669,/projects/bdau/envs/sc2026/lib/python3.9/site-packages/psutil/__pycache__/_psposix.cpython-39.pyc,/projects,lustre,65536,0,init,0,2,ddn_nvme,1,raid0,65536,,,,,,,,,,1,1
LUSTRE,0,3468089690843923923,/projects/bdau/envs/sc2026/lib/python3.9/site-packages/antlr4/__pycache__/ParserRuleContext.cpython-39.pyc,/projects,lustre,65536,0,init,0,9,ddn_nvme,1,raid0,65536,,,,,,,,,,1,1
LUSTRE,0,3478970771254052741,/projects/bdau/envs/sc2026/lib/python3.9/site-packages/hydra/core/__pycache__/object_type.cpython-39.pyc,/projects,lustre,65536,0,init,0,10,ddn_nvme,1,raid0,65536,,,,,,,,,,1,1
LUSTRE,0,3590685115437309416,/projects/bdau/envs/sc2026/lib/python3.9/__pycache__/pathlib.cpython-39.pyc,/projects,lustre,65536,0,init,0,25,ddn_nvme,1,raid0,65536,,,,,,,,,,1,1
LUSTRE,0,3681123284735286477,/projects/bdau/envs/sc2026/lib/python3.9/site-packages/antlr4/atn/__pycache__/ATNState.cpython-39.pyc,/projects,lustre,65536,0,init,0,10,ddn_nvme,1,raid0,65536,,,,,,,,,,1,1
LUSTRE,0,3825625728295019170,/projects/bdau/envs/sc2026/lib/python3.9/site-packages/pandas/core/dtypes/__pycache__/concat.cpython-39.pyc,/projects,lustre,65536,0,init,0,11,ddn_nvme,1,raid0,65536,,,,,,,,,,1,1
LUSTRE,0,382733219360181654,/projects/bdau/envs/sc2026/lib/python3.9/site-packages/pandas/_config/__pycache__/config.cpython-39.pyc,/projects,lustre,65536,0,init,0,23,ddn_nvme,1,raid0,65536,,,,,,,,,,1,1
LUSTRE,0,3870054867009974424,/projects/bdau/envs/sc2026/lib/python3.9/site-packages/bottleneck/tests/__pycache__/__init__.cpython-39.pyc,/projects,lustre,65536,0,init,0,30,ddn_nvme,1,raid0,65536,,,,,,,,,,1,1
LUSTRE,0,3874169552599294647,/projects/bdau/envs/sc2026/lib/python3.9/site-packages/numpy/_core/__pycache__/_internal.cpython-39.pyc,/projects,lustre,65536,0,init,0,2,ddn_nvme,1,raid0,65536,,,,,,,,,,1,1
LUSTRE,0,3941403902229767914,/projects/bdau/envs/sc2026/lib/python3.9/site-packages/dlio_benchmark/__pycache__/__init__.cpython-39.pyc,/projects,lustre,65536,0,init,0,3,ddn_nvme,1,raid0,65536,,,,,,,,,,1,1
LUSTRE,0,3956523418793090653,/projects/bdau/envs/sc2026/lib/python3.9/site-packages/yaml/__pycache__/__init__.cpython-39.pyc,/projects,lustre,65536,0,init,0,0,ddn_nvme,1,raid0,65536,,,,,,,,,,1,1
LUSTRE,0,3959930463412334746,/projects/bdau/envs/sc2026/lib/python3.9/site-packages/pandas/core/ops/__pycache__/dispatch.cpython-39.pyc,/projects,lustre,65536,0,init,0,1,ddn_nvme,1,raid0,65536,,,,,,,,,,1,1
LUSTRE,0,3983414957246018079,/projects/bdau/envs/sc2026/lib/python3.9/site-packages/antlr4/error/__pycache__/Errors.cpython-39.pyc,/projects,lustre,65536,0,init,0,31,ddn_nvme,1,raid0,65536,,,,,,,,,,1,1
LUSTRE,0,3983423391157147097,/projects/bdau/envs/sc2026/lib/python3.9/site-packages/numpy/lib/__pycache__/introspect.cpython-39.pyc,/projects,lustre,65536,0,init,0,3,ddn_nvme,1,raid0,65536,,,,,,,,,,1,1
LUSTRE,0,3996318706772654110,/projects/bdau/envs/sc2026/lib/python3.9/__pycache__/platform.cpython-39.pyc,/projects,lustre,65536,0,init,0,21,ddn_nvme,1,raid0,65536,,,,,,,,,,1,1
LUSTRE,0,4120760599058951486,/projects/bdau/envs/sc2026/lib/python3.9/site-packages/numpy/_core/__pycache__/getlimits.cpython-39.pyc,/projects,lustre,65536,0,init,0,29,ddn_nvme,1,raid0,65536,,,,,,,,,,1,1
LUSTRE,0,4149480985113963020,/projects/bdau/envs/sc2026/lib/python3.9/__pycache__/posixpath.cpython-39.pyc,/projects,lustre,65536,0,init,0,8,ddn_nvme,1,raid0,65536,,,,,,,,,,1,1
LUSTRE,0,4172247785040249879,/projects/bdau/envs/sc2026/lib/python3.9/site-packages/omegaconf/__pycache__/grammar_parser.cpython-39.pyc,/projects,lustre,65536,0,init,0,28,ddn_nvme,1,raid0,65536,,,,,,,,,,1,1
LUSTRE,0,4216637589390242138,/projects/bdau/envs/sc2026/lib/python3.9/site-packages/numpy/_utils/__pycache__/_inspect.cpython-39.pyc,/projects,lustre,65536,0,init,0,22,ddn_nvme,1,raid0,65536,,,,,,,,,,1,1
LUSTRE,0,4244410003719433724,/projects/bdau/envs/sc2026/lib/python3.9/site-packages/hydra/_internal/__pycache__/hydra.cpython-39.pyc,/projects,lustre,65536,0,init,0,3,ddn_nvme,1,raid0,65536,,,,,,,,,,1,1
LUSTRE,0,4293720119423355958,/projects/bdau/envs/sc2026/lib/python3.9/site-packages/numpy/ma/__pycache__/core.cpython-39.pyc,/projects,lustre,65536,0,init,0,3,ddn_nvme,1,raid0,65536,536870912,65536,init,0,176,ddn_hdd,1,raid0,1048576,2,2
LUSTRE,0,4394193096766931778,/projects/bdau/envs/sc2026/lib/python3.9/site-packages/yaml/__pycache__/events.cpython-39.pyc,/projects,lustre,65536,0,init,0,23,ddn_nvme,1,raid0,65536,,,,,,,,,,1,1
LUSTRE,0,4402724596701668092,/projects/bdau/envs/sc2026/lib/python3.9/encodings/__pycache__/aliases.cpython-39.pyc,/projects,lustre,65536,0,init,0,9,ddn_nvme,1,raid0,65536,,,,,,,,,,1,1
LUSTRE,0,4446599799620417245,/projects/bdau/envs/sc2026/lib/python3.9/site-packages/hydra/plugins/__pycache__/launcher.cpython-39.pyc,/projects,lustre,65536,0,init,0,23,ddn_nvme,1,raid0,65536,,,,,,,,,,1,1
LUSTRE,0,4475151328828841112,/projects/bdau/envs/sc2026/lib/python3.9/__pycache__/io.cpython-39.pyc,/projects,lustre,65536,0,init,0,22,ddn_nvme,1,raid0,65536,,,,,,,,,,1,1
LUSTRE,0,4553710580976048457,/projects/bdau/envs/sc2026/lib/python3.9/site-packages/hydra/plugins/__pycache__/config_source.cpython-39.pyc,/projects,lustre,65536,0,init,0,11,ddn_nvme,1,raid0,65536,,,,,,,,,,1,1
LUSTRE,0,4560217356188705437,/projects/bdau/envs/sc2026/lib/python3.9/site-packages/numpy/lib/__pycache__/_arraysetops_impl.cpython-39.pyc,/projects,lustre,65536,0,init,0,21,ddn_nvme,1,raid0,65536,,,,,,,,,,1,1
LUSTRE,0,4570324153386143734,/projects/bdau/envs/sc2026/lib/python3.9/site-packages/antlr4/atn/__pycache__/LexerAction.cpython-39.pyc,/projects,lustre,65536,0,init,0,20,ddn_nvme,1,raid0,65536,,,,,,,,,,1,1
LUSTRE,0,4602685086603566928,/projects/bdau/envs/sc2026/lib/python3.9/site-packages/pandas/compat/numpy/__pycache__/__init__.cpython-39.pyc,/projects,lustre,65536,0,init,0,2,ddn_nvme,1,raid0,65536,,,,,,,,,,1,1
LUSTRE,0,4606911716505125005,/projects/bdau/envs/sc2026/lib/python3.9/site-packages/pandas/core/dtypes/__pycache__/common.cpython-39.pyc,/projects,lustre,65536,0,init,0,11,ddn_nvme,1,raid0,65536,,,,,,,,,,1,1
LUSTRE,0,4614182326431728788,/projects/bdau/envs/sc2026/lib/python3.9/__pycache__/sysconfig.cpython-39.pyc,/projects,lustre,65536,0,init,0,2,ddn_nvme,1,raid0,65536,,,,,,,,,,1,1
LUSTRE,0,4646086971554752843,/projects/bdau/envs/sc2026/lib/python3.9/site-packages/numpy/_core/__pycache__/numeric.cpython-39.pyc,/projects,lustre,65536,0,init,0,10,ddn_nvme,1,raid0,65536,536870912,65536,init,0,183,ddn_hdd,1,raid0,1048576,2,2
LUSTRE,0,4668650919113037227,/projects/bdau/envs/sc2026/lib/python3.9/__pycache__/sre_compile.cpython-39.pyc,/projects,lustre,65536,0,init,0,1,ddn_nvme,1,raid0,65536,,,,,,,,,,1,1
LUSTRE,0,4672634285275460529,/projects/bdau/envs/sc2026/lib/python3.9/site-packages/pandas/core/array_algos/__pycache__/masked_accumulations.cpython-39.pyc,/projects,lustre,65536,0,init,0,9,ddn_nvme,1,raid0,65536,,,,,,,,,,1,1
LUSTRE,0,4721702834637212206,/projects/bdau/envs/sc2026/lib/python3.9/site-packages/hydra/__pycache__/utils.cpython-39.pyc,/projects,lustre,65536,0,init,0,11,ddn_nvme,1,raid0,65536,,,,,,,,,,1,1
LUSTRE,0,4762335121644195140,/projects/bdau/envs/sc2026/lib/python3.9/site-packages/omegaconf/grammar/gen/__pycache__/OmegaConfGrammarLexer.cpython-39.pyc,/projects,lustre,65536,0,init,0,20,ddn_nvme,1,raid0,65536,,,,,,,,,,1,1
LUSTRE,0,4773625560850901970,/projects/bdau/envs/sc2026/lib/python3.9/site-packages/pandas/core/__pycache__/arraylike.cpython-39.pyc,/projects,lustre,65536,0,init,0,20,ddn_nvme,1,raid0,65536,,,,,,,,,,1,1
LUSTRE,0,4778977598027623699,/projects/bdau/envs/sc2026/lib/python3.9/__pycache__/_collections_abc.cpython-39.pyc,/projects,lustre,65536,0,init,0,3,ddn_nvme,1,raid0,65536,,,,,,,,,,1,1
LUSTRE,0,4801077805076610584,/projects/bdau/envs/sc2026/lib/python3.9/site-packages/numpy/lib/__pycache__/stride_tricks.cpython-39.pyc,/projects,lustre,65536,0,init,0,30,ddn_nvme,1,raid0,65536,,,,,,,,,,1,1
LUSTRE,0,4807316280655601921,/projects/bdau/envs/sc2026/lib/python3.9/site-packages/pandas/_libs/tslibs/__pycache__/__init__.cpython-39.pyc,/projects,lustre,65536,0,init,0,20,ddn_nvme,1,raid0,65536,,,,,,,,,,1,1
LUSTRE,0,4845879284908281167,/projects/bdau/envs/sc2026/lib/python3.9/site-packages/numpy/_typing/__pycache__/_nbit.cpython-39.pyc,/projects,lustre,65536,0,init,0,11,ddn_nvme,1,raid0,65536,,,,,,,,,,1,1
LUSTRE,0,4869268762504989617,/projects/bdau/envs/sc2026/lib/python3.9/site-packages/pandas/core/__pycache__/roperator.cpython-39.pyc,/projects,lustre,65536,0,init,0,23,ddn_nvme,1,raid0,65536,,,,,,,,,,1,1
LUSTRE,0,4869794296775488670,/projects/bdau/envs/sc2026/lib/python3.9/site-packages/hydra/__pycache__/__init__.cpython-39.pyc,/projects,lustre,65536,0,init,0,1,ddn_nvme,1,raid0,65536,,,,,,,,,,1,1
LUSTRE,0,4967614260870410235,/projects/bdau/envs/sc2026/lib/python3.9/site-packages/numpy/lib/__pycache__/_version.cpython-39.pyc,/projects,lustre,65536,0,init,0,1,ddn_nvme,1,raid0,65536,,,,,,,,,,1,1
LUSTRE,0,5026479200110002013,/projects/bdau/envs/sc2026/lib/python3.9/site-packages/psutil/__pycache__/_common.cpython-39.pyc,/projects,lustre,65536,0,init,0,0,ddn_nvme,1,raid0,65536,,,,,,,,,,1,1
LUSTRE,0,5043956572996213639,/projects/bdau/envs/sc2026/lib/python3.9/__pycache__/reprlib.cpython-39.pyc,/projects,lustre,65536,0,init,0,9,ddn_nvme,1,raid0,65536,,,,,,,,,,1,1
LUSTRE,0,5094881162441477082,/projects/bdau/envs/sc2026/lib/python3.9/__pycache__/copy.cpython-39.pyc,/projects,lustre,65536,0,init,0,27,ddn_nvme,1,raid0,65536,,,,,,,,,,1,1
LUSTRE,0,5217201087731758354,/projects/bdau/envs/sc2026/lib/python3.9/__pycache__/stat.cpython-39.pyc,/projects,lustre,65536,0,init,0,1,ddn_nvme,1,raid0,65536,,,,,,,,,,1,1
LUSTRE,0,5241794538824176872,/projects/bdau/envs/sc2026/lib/python3.9/site-packages/antlr4/atn/__pycache__/LexerActionExecutor.cpython-39.pyc,/projects,lustre,65536,0,init,0,20,ddn_nvme,1,raid0,65536,,,,,,,,,,1,1
LUSTRE,0,5267257584907774935,/projects/bdau/envs/sc2026/lib/python3.9/site-packages/numpy/__pycache__/_distributor_init.cpython-39.pyc,/projects,lustre,65536,0,init,0,8,ddn_nvme,1,raid0,65536,,,,,,,,,,1,1
LUSTRE,0,5274802265392863817,/projects/bdau/envs/sc2026/lib/python3.9/site-packages/numpy/lib/__pycache__/format.cpython-39.pyc,/projects,lustre,65536,0,init,0,10,ddn_nvme,1,raid0,65536,,,,,,,,,,1,1
LUSTRE,0,5332617243012126530,/projects/bdau/envs/sc2026/lib/python3.9/__pycache__/glob.cpython-39.pyc,/projects,lustre,65536,0,init,0,3,ddn_nvme,1,raid0,65536,,,,,,,,,,1,1
LUSTRE,0,5417523595481810461,/projects/bdau/envs/sc2026/lib/python3.9/site-packages/bottleneck/slow/__pycache__/nonreduce.cpython-39.pyc,/projects,lustre,65536,0,init,0,9,ddn_nvme,1,raid0,65536,,,,,,,,,,1,1
LUSTRE,0,5431267657313609300,/projects/bdau/envs/sc2026/lib/python3.9/site-packages/numpy/__pycache__/exceptions.cpython-39.pyc,/projects,lustre,65536,0,init,0,26,ddn_nvme,1,raid0,65536,,,,,,,,,,1,1
LUSTRE,0,5431569977847019994,/projects/bdau/envs/sc2026/lib/python3.9/site-packages/dateutil/parser/__pycache__/__init__.cpython-39.pyc,/projects,lustre,65536,0,init,0,9,ddn_nvme,1,raid0,65536,,,,,,,,,,1,1
LUSTRE,0,5453572380190830999,/projects/bdau/envs/sc2026/lib/python3.9/__pycache__/datetime.cpython-39.pyc,/projects,lustre,65536,0,init,0,22,ddn_nvme,1,raid0,65536,,,,,,,,,,1,1
LUSTRE,0,5485180871834551079,/projects/bdau/envs/sc2026/lib/python3.9/__pycache__/traceback.cpython-39.pyc,/projects,lustre,65536,0,init,0,8,ddn_nvme,1,raid0,65536,,,,,,,,,,1,1
LUSTRE,0,5486630127492956597,/projects/bdau/envs/sc2026/lib/python3.9/json/__pycache__/__init__.cpython-39.pyc,/projects,lustre,65536,0,init,0,11,ddn_nvme,1,raid0,65536,,,,,,,,,,1,1
LUSTRE,0,5488075481188462752,/projects/bdau/envs/sc2026/lib/python3.9/site-packages/antlr4/tree/__pycache__/Chunk.cpython-39.pyc,/projects,lustre,65536,0,init,0,23,ddn_nvme,1,raid0,65536,,,,,,,,,,1,1
LUSTRE,0,5556865534248689537,/projects/bdau/envs/sc2026/lib/python3.9/__pycache__/warnings.cpython-39.pyc,/projects,lustre,65536,0,init,0,2,ddn_nvme,1,raid0,65536,,,,,,,,,,1,1
LUSTRE,0,5574862790955254358,/projects/bdau/envs/sc2026/lib/python3.9/site-packages/numpy/lib/__pycache__/_scimath_impl.cpython-39.pyc,/projects,lustre,65536,0,init,0,20,ddn_nvme,1,raid0,65536,,,,,,,,,,1,1
LUSTRE,0,5595058410106028982,/projects/bdau/envs/sc2026/lib/python3.9/site-packages/hydra/core/__pycache__/utils.cpython-39.pyc,/projects,lustre,65536,0,init,0,3,ddn_nvme,1,raid0,65536,,,,,,,,,,1,1
LUSTRE,0,5630395438514277565,/projects/bdau/envs/sc2026/lib/python3.9/site-packages/packaging/__pycache__/version.cpython-39.pyc,/projects,lustre,65536,0,init,0,28,ddn_nvme,1,raid0,65536,,,,,,,,,,1,1
LUSTRE,0,5652331309696968317,/projects/bdau/envs/sc2026/lib/python3.9/site-packages/pyarrow/__pycache__/_generated_version.cpython-39.pyc,/projects,lustre,65536,0,init,0,22,ddn_nvme,1,raid0,65536,,,,,,,,,,1,1
LUSTRE,0,5669451169158152383,/projects/bdau/envs/sc2026/lib/python3.9/site-packages/numpy/matrixlib/__pycache__/defmatrix.cpython-39.pyc,/projects,lustre,65536,0,init,0,10,ddn_nvme,1,raid0,65536,,,,,,,,,,1,1
LUSTRE,0,5714574000187767442,/projects/bdau/envs/sc2026/lib/python3.9/__pycache__/calendar.cpython-39.pyc,/projects,lustre,65536,0,init,0,9,ddn_nvme,1,raid0,65536,,,,,,,,,,1,1
LUSTRE,0,5828350531047048975,/projects/bdau/envs/sc2026/lib/python3.9/site-packages/pandas/io/__pycache__/__init__.cpython-39.pyc,/projects,lustre,65536,0,init,0,3,ddn_nvme,1,raid0,65536,,,,,,,,,,1,1
LUSTRE,0,5856625899023695900,/projects/bdau/envs/sc2026/lib/python3.9/site-packages/pandas/util/version/__pycache__/__init__.cpython-39.pyc,/projects,lustre,65536,0,init,0,31,ddn_nvme,1,raid0,65536,,,,,,,,,,1,1
LUSTRE,0,5880233127449741114,/projects/bdau/envs/sc2026/lib/python3.9/site-packages/omegaconf/__pycache__/base.cpython-39.pyc,/projects,lustre,65536,0,init,0,10,ddn_nvme,1,raid0,65536,,,,,,,,,,1,1
LUSTRE,0,588518990222351660,/projects/bdau/envs/sc2026/lib/python3.9/site-packages/pandas/core/dtypes/__pycache__/missing.cpython-39.pyc,/projects,lustre,65536,0,init,0,10,ddn_nvme,1,raid0,65536,,,,,,,,,,1,1
LUSTRE,0,5904316584787048819,/projects/bdau/envs/sc2026/lib/python3.9/site-packages/hydra/__pycache__/main.cpython-39.pyc,/projects,lustre,65536,0,init,0,31,ddn_nvme,1,raid0,65536,,,,,,,,,,1,1
LUSTRE,0,5986172170800885579,/projects/bdau/envs/sc2026/lib/python3.9/site-packages/antlr4/error/__pycache__/__init__.cpython-39.pyc,/projects,lustre,65536,0,init,0,3,ddn_nvme,1,raid0,65536,,,,,,,,,,1,1
LUSTRE,0,6020853068459542981,/projects/bdau/envs/sc2026/lib/python3.9/__pycache__/operator.cpython-39.pyc,/projects,lustre,65536,0,init,0,24,ddn_nvme,1,raid0,65536,,,,,,,,,,1,1
LUSTRE,0,6033485515926498279,/projects/bdau/envs/sc2026/lib/python3.9/__pycache__/codecs.cpython-39.pyc,/projects,lustre,65536,0,init,0,30,ddn_nvme,1,raid0,65536,,,,,,,,,,1,1
LUSTRE,0,6039824928845568491,/projects/bdau/envs/sc2026/lib/python3.9/__pycache__/_compression.cpython-39.pyc,/projects,lustre,65536,0,init,0,0,ddn_nvme,1,raid0,65536,,,,,,,,,,1,1
LUSTRE,0,6125512382417436979,/projects/bdau/envs/sc2026/lib/python3.9/site-packages/omegaconf/grammar/gen/__pycache__/OmegaConfGrammarParser.cpython-39.pyc,/projects,lustre,65536,0,init,0,10,ddn_nvme,1,raid0,65536,,,,,,,,,,1,1
LUSTRE,0,6157414387542090417,/projects/bdau/envs/sc2026/lib/python3.9/site-packages/pandas/core/ops/__pycache__/docstrings.cpython-39.pyc,/projects,lustre,65536,0,init,0,23,ddn_nvme,1,raid0,65536,,,,,,,,,,1,1
LUSTRE,0,6170126724645631587,/projects/bdau/envs/sc2026/lib/python3.9/site-packages/pyarrow/__pycache__/types.cpython-39.pyc,/projects,lustre,65536,0,init,0,9,ddn_nvme,1,raid0,65536,,,,,,,,,,1,1
LUSTRE,0,6183235463690450950,/projects/bdau/envs/sc2026/lib/python3.9/site-packages/yaml/__pycache__/serializer.cpython-39.pyc,/projects,lustre,65536,0,init,0,2,ddn_nvme,1,raid0,65536,,,,,,,,,,1,1
LUSTRE,0,6185473978578543122,/projects/bdau/envs/sc2026/lib/python3.9/site-packages/pandas/core/ops/__pycache__/common.cpython-39.pyc,/projects,lustre,65536,0,init,0,21,ddn_nvme,1,raid0,65536,,,,,,,,,,1,1
LUSTRE,0,6214151950935075248,/projects/bdau/envs/sc2026/lib/python3.9/site-packages/hydra/core/__pycache__/hydra_config.cpython-39.pyc,/projects,lustre,65536,0,init,0,11,ddn_nvme,1,raid0,65536,,,,,,,,,,1,1
LUSTRE,0,6281090528922420373,/projects/bdau/envs/sc2026/lib/python3.9/site-packages/omegaconf/__pycache__/nodes.cpython-39.pyc,/projects,lustre,65536,0,init,0,23,ddn_nvme,1,raid0,65536,,,,,,,,,,1,1
LUSTRE,0,6282532744576040162,/projects/bdau/envs/sc2026/bin/dlio_benchmark,/projects,lustre,65536,0,init,0,10,ddn_nvme,1,raid0,65536,,,,,,,,,,1,1
LUSTRE,0,6358134674348945869,/projects/bdau/envs/sc2026/lib/python3.9/site-packages/pandas/errors/__pycache__/__init__.cpython-39.pyc,/projects,lustre,65536,0,init,0,8,ddn_nvme,1,raid0,65536,,,,,,,,,,1,1
LUSTRE,0,6415004302725745684,/projects/bdau/envs/sc2026/lib/python3.9/site-packages/yaml/__pycache__/constructor.cpython-39.pyc,/projects,lustre,65536,0,init,0,25,ddn_nvme,1,raid0,65536,,,,,,,,,,1,1
LUSTRE,0,650308559270410288,/projects/bdau/envs/sc2026/lib/python3.9/site-packages/hydra/__pycache__/version.cpython-39.pyc,/projects,lustre,65536,0,init,0,20,ddn_nvme,1,raid0,65536,,,,,,,,,,1,1
LUSTRE,0,6506443236928781081,/projects/bdau/envs/sc2026/lib/python3.9/site-packages/pandas/core/__pycache__/config_init.cpython-39.pyc,/projects,lustre,65536,0,init,0,8,ddn_nvme,1,raid0,65536,,,,,,,,,,1,1
LUSTRE,0,6533673592202402090,/projects/bdau/envs/sc2026/lib/python3.9/__pycache__/linecache.cpython-39.pyc,/projects,lustre,65536,0,init,0,1,ddn_nvme,1,raid0,65536,,,,,,,,,,1,1
LUSTRE,0,6564495886594645877,/projects/bdau/envs/sc2026/lib/python3.9/site-packages/antlr4/__pycache__/PredictionContext.cpython-39.pyc,/projects,lustre,65536,0,init,0,11,ddn_nvme,1,raid0,65536,,,,,,,,,,1,1
LUSTRE,0,6590089862527473183,/projects/bdau/envs/sc2026/lib/python3.9/site-packages/pandas/core/arrays/__pycache__/__init__.cpython-39.pyc,/projects,lustre,65536,0,init,0,23,ddn_nvme,1,raid0,65536,,,,,,,,,,1,1
LUSTRE,0,6598233472283754094,/projects/bdau/envs/sc2026/lib/python3.9/__pycache__/threading.cpython-39.pyc,/projects,lustre,65536,0,init,0,25,ddn_nvme,1,raid0,65536,,,,,,,,,,1,1
LUSTRE,0,6620803533140699679,/projects/bdau/envs/sc2026/lib/python3.9/site-packages/hydra/plugins/__pycache__/search_path_plugin.cpython-39.pyc,/projects,lustre,65536,0,init,0,0,ddn_nvme,1,raid0,65536,,,,,,,,,,1,1
LUSTRE,0,6678175790954136167,/projects/bdau/envs/sc2026/lib/python3.9/site-packages/yaml/__pycache__/scanner.cpython-39.pyc,/projects,lustre,65536,0,init,0,1,ddn_nvme,1,raid0,65536,,,,,,,,,,1,1
LUSTRE,0,6758884069716204764,/projects/bdau/envs/sc2026/lib/python3.9/__pycache__/locale.cpython-39.pyc,/projects,lustre,65536,0,init,0,3,ddn_nvme,1,raid0,65536,,,,,,,,,,1,1
LUSTRE,0,6771032926946422613,/projects/bdau/envs/sc2026/lib/python3.9/site-packages/yaml/__pycache__/emitter.cpython-39.pyc,/projects,lustre,65536,0,init,0,2,ddn_nvme,1,raid0,65536,,,,,,,,,,1,1
LUSTRE,0,6789082097549462519,/projects/bdau/envs/sc2026/lib/python3.9/site-packages/distutils-precedence.pth,/projects,lustre,65536,0,init,0,23,ddn_nvme,1,raid0,65536,,,,,,,,,,1,1
LUSTRE,0,683083155544291914,/projects/bdau/envs/sc2026/lib/python3.9/site-packages/pandas/core/__pycache__/nanops.cpython-39.pyc,/projects,lustre,65536,0,init,0,2,ddn_nvme,1,raid0,65536,,,,,,,,,,1,1
LUSTRE,0,6840341237368674319,/projects/bdau/envs/sc2026/lib/python3.9/json/__pycache__/scanner.cpython-39.pyc,/projects,lustre,65536,0,init,0,10,ddn_nvme,1,raid0,65536,,,,,,,,,,1,1
LUSTRE,0,687930696614881645,/projects/bdau/envs/sc2026/lib/python3.9/__pycache__/opcode.cpython-39.pyc,/projects,lustre,65536,0,init,0,9,ddn_nvme,1,raid0,65536,,,,,,,,,,1,1
LUSTRE,0,6981908888635057669,/projects/bdau/envs/sc2026/lib/python3.9/__pycache__/dis.cpython-39.pyc,/projects,lustre,65536,0,init,0,23,ddn_nvme,1,raid0,65536,,,,,,,,,,1,1
LUSTRE,0,699568614298634403,/projects/bdau/envs/sc2026/lib/python3.9/site-packages/pandas/core/dtypes/__pycache__/cast.cpython-39.pyc,/projects,lustre,65536,0,init,0,2,ddn_nvme,1,raid0,65536,,,,,,,,,,1,1
LUSTRE,0,7067920682682433687,/projects/bdau/envs/sc2026/lib/python3.9/site-packages/numpy/lib/__pycache__/_datasource.cpython-39.pyc,/projects,lustre,65536,0,init,0,1,ddn_nvme,1,raid0,65536,,,,,,,,,,1,1
LUSTRE,0,708036782116148310,/projects/bdau/envs/sc2026/lib/python3.9/site-packages/numpy/__pycache__/_pytesttester.cpython-39.pyc,/projects,lustre,65536,0,init,0,9,ddn_nvme,1,raid0,65536,,,,,,,,,,1,1
LUSTRE,0,7091517446632599800,/projects/bdau/envs/sc2026/lib/python3.9/site-packages/hydra/grammar/gen/__pycache__/OverrideParserVisitor.cpython-39.pyc,/projects,lustre,65536,0,init,0,25,ddn_nvme,1,raid0,65536,,,,,,,,,,1,1
LUSTRE,0,7103737645227841242,/projects/bdau/envs/sc2026/lib/python3.9/__pycache__/struct.cpython-39.pyc,/projects,lustre,65536,0,init,0,2,ddn_nvme,1,raid0,65536,,,,,,,,,,1,1
LUSTRE,0,711589451987823570,/projects/bdau/envs/sc2026/lib/python3.9/site-packages/pyarrow/vendored/__pycache__/docscrape.cpython-39.pyc,/projects,lustre,65536,0,init,0,22,ddn_nvme,1,raid0,65536,,,,,,,,,,1,1
LUSTRE,0,7124813369838184073,/projects/bdau/envs/sc2026/lib/python3.9/site-packages/dlio_benchmark/checkpointing/__pycache__/__init__.cpython-39.pyc,/projects,lustre,65536,0,init,0,2,ddn_nvme,1,raid0,65536,,,,,,,,,,1,1
LUSTRE,0,7130054001800546814,/projects/bdau/envs/sc2026/lib/python3.9/site-packages/numpy/_typing/__pycache__/_shape.cpython-39.pyc,/projects,lustre,65536,0,init,0,10,ddn_nvme,1,raid0,65536,,,,,,,,,,1,1
LUSTRE,0,7183957694676631391,/projects/bdau/envs/sc2026/lib/python3.9/site-packages/pyarrow/__pycache__/ipc.cpython-39.pyc,/projects,lustre,65536,0,init,0,25,ddn_nvme,1,raid0,65536,,,,,,,,,,1,1
LUSTRE,0,7265896437657781927,/projects/bdau/envs/sc2026/lib/python3.9/site-packages/pandas/core/__pycache__/common.cpython-39.pyc,/projects,lustre,65536,0,init,0,2,ddn_nvme,1,raid0,65536,,,,,,,,,,1,1
LUSTRE,0,7293157656773611198,/projects/bdau/envs/sc2026/lib/python3.9/site-packages/pytz/__pycache__/tzinfo.cpython-39.pyc,/projects,lustre,65536,0,init,0,20,ddn_nvme,1,raid0,65536,,,,,,,,,,1,1
LUSTRE,0,7304062449701223728,/projects/bdau/envs/sc2026/lib/python3.9/site-packages/hydra/_internal/__pycache__/__init__.cpython-39.pyc,/projects,lustre,65536,0,init,0,20,ddn_nvme,1,raid0,65536,,,,,,,,,,1,1
LUSTRE,0,7372365504327821182,/projects/bdau/envs/sc2026/lib/python3.9/__pycache__/_sysconfigdata__linux_x86_64-linux-gnu.cpython-39.pyc,/projects,lustre,65536,0,init,0,8,ddn_nvme,1,raid0,65536,,,,,,,,,,1,1
LUSTRE,0,7427852775667516211,/projects/bdau/envs/sc2026/lib/python3.9/site-packages/pandas/core/ops/__pycache__/array_ops.cpython-39.pyc,/projects,lustre,65536,0,init,0,3,ddn_nvme,1,raid0,65536,,,,,,,,,,1,1
LUSTRE,0,743127926141577000,/projects/bdau/envs/sc2026/lib/python3.9/__pycache__/ntpath.cpython-39.pyc,/projects,lustre,65536,0,init,0,21,ddn_nvme,1,raid0,65536,,,,,,,,,,1,1
LUSTRE,0,7477227948009225265,/projects/bdau/envs/sc2026/lib/python3.9/site-packages/omegaconf/grammar/gen/__pycache__/OmegaConfGrammarParserVisitor.cpython-39.pyc,/projects,lustre,65536,0,init,0,9,ddn_nvme,1,raid0,65536,,,,,,,,,,1,1
LUSTRE,0,7543665371739265670,/projects/bdau/envs/sc2026/lib/python3.9/site-packages/hydra/grammar/gen/__pycache__/OverrideParser.cpython-39.pyc,/projects,lustre,65536,0,init,0,20,ddn_nvme,1,raid0,65536,,,,,,,,,,1,1
LUSTRE,0,7574554186964972614,/projects/bdau/envs/sc2026/lib/python3.9/site-packages/omegaconf/__pycache__/__init__.cpython-39.pyc,/projects,lustre,65536,0,init,0,2,ddn_nvme,1,raid0,65536,,,,,,,,,,1,1
LUSTRE,0,759389111685427651,/projects/bdau/envs/sc2026/lib/python3.9/site-packages/dftracer/__pycache__/logger.cpython-39.pyc,/projects,lustre,65536,0,init,0,30,ddn_nvme,1,raid0,65536,,,,,,,,,,1,1
LUSTRE,0,7623314232536599240,/projects/bdau/envs/sc2026/lib/python3.9/site-packages/hydra/grammar/gen/__pycache__/OverrideLexer.cpython-39.pyc,/projects,lustre,65536,0,init,0,9,ddn_nvme,1,raid0,65536,,,,,,,,,,1,1
LUSTRE,0,7633930652704298999,/projects/bdau/envs/sc2026/lib/python3.9/site-packages/pandas/compat/__pycache__/compressors.cpython-39.pyc,/projects,lustre,65536,0,init,0,11,ddn_nvme,1,raid0,65536,,,,,,,,,,1,1
LUSTRE,0,7672560436989627923,/projects/bdau/envs/sc2026/lib/python3.9/site-packages/pandas/core/arrays/__pycache__/masked.cpython-39.pyc,/projects,lustre,65536,0,init,0,23,ddn_nvme,1,raid0,65536,,,,,,,,,,1,1
LUSTRE,0,7704265958860927570,/projects/bdau/envs/sc2026/lib/python3.9/site-packages/numpy/lib/__pycache__/array_utils.cpython-39.pyc,/projects,lustre,65536,0,init,0,31,ddn_nvme,1,raid0,65536,,,,,,,,,,1,1
LUSTRE,0,7737550278658301900,/projects/bdau/envs/sc2026/lib/python3.9/site-packages/pandas/core/dtypes/__pycache__/dtypes.cpython-39.pyc,/projects,lustre,65536,0,init,0,3,ddn_nvme,1,raid0,65536,,,,,,,,,,1,1
LUSTRE,0,7749072420426954184,/projects/bdau/envs/sc2026/lib/python3.9/site-packages/numpy/__pycache__/_expired_attrs_2_0.cpython-39.pyc,/projects,lustre,65536,0,init,0,22,ddn_nvme,1,raid0,65536,,,,,,,,,,1,1
LUSTRE,0,7808982682739570148,/projects/bdau/envs/sc2026/lib/python3.9/site-packages/antlr4/error/__pycache__/DiagnosticErrorListener.cpython-39.pyc,/projects,lustre,65536,0,init,0,22,ddn_nvme,1,raid0,65536,,,,,,,,,,1,1
LUSTRE,0,7832287151296772626,/projects/bdau/envs/sc2026/lib/python3.9/logging/__pycache__/handlers.cpython-39.pyc,/projects,lustre,65536,0,init,0,8,ddn_nvme,1,raid0,65536,,,,,,,,,,1,1
LUSTRE,0,78604296079676349,/projects/bdau/envs/sc2026/lib/python3.9/__pycache__/weakref.cpython-39.pyc,/projects,lustre,65536,0,init,0,22,ddn_nvme,1,raid0,65536,,,,,,,,,,1,1
LUSTRE,0,7929574669423439574,/projects/bdau/envs/sc2026/lib/python3.9/__pycache__/bisect.cpython-39.pyc,/projects,lustre,65536,0,init,0,10,ddn_nvme,1,raid0,65536,,,,,,,,,,1,1
LUSTRE,0,7933903050988829369,/projects/bdau/envs/sc2026/lib/python3.9/site-packages/numpy/lib/__pycache__/_nanfunctions_impl.cpython-39.pyc,/projects,lustre,65536,0,init,0,23,ddn_nvme,1,raid0,65536,,,,,,,,,,1,1
LUSTRE,0,7968158877015337077,/projects/bdau/envs/sc2026/lib/python3.9/site-packages/pandas/util/__pycache__/_exceptions.cpython-39.pyc,/projects,lustre,65536,0,init,0,9,ddn_nvme,1,raid0,65536,,,,,,,,,,1,1
LUSTRE,0,8057192855346870149,/projects/bdau/envs/sc2026/lib/python3.9/site-packages/pandas/__pycache__/__init__.cpython-39.pyc,/projects,lustre,65536,0,init,0,0,ddn_nvme,1,raid0,65536,,,,,,,,,,1,1
LUSTRE,0,8100794807822900867,/projects/bdau/envs/sc2026/lib/python3.9/__pycache__/pydoc.cpython-39.pyc,/projects,lustre,65536,0,init,0,28,ddn_nvme,1,raid0,65536,536870912,65536,init,0,157,ddn_hdd,1,raid0,1048576,2,2
LUSTRE,0,8192556696961101383,/projects/bdau/envs/sc2026/lib/python3.9/site-packages/dlio_benchmark/utils/__pycache__/utility.cpython-39.pyc,/projects,lustre,65536,0,init,0,21,ddn_nvme,1,raid0,65536,,,,,,,,,,1,1
LUSTRE,0,8193845699237883082,/projects/bdau/envs/sc2026/lib/python3.9/site-packages/bottleneck/benchmark/__pycache__/autotimeit.cpython-39.pyc,/projects,lustre,65536,0,init,0,21,ddn_nvme,1,raid0,65536,,,,,,,,,,1,1
LUSTRE,0,8221257255797321552,/projects/bdau/envs/sc2026/lib/python3.9/site-packages/numpy/_core/__pycache__/umath.cpython-39.pyc,/projects,lustre,65536,0,init,0,9,ddn_nvme,1,raid0,65536,,,,,,,,,,1,1
LUSTRE,0,8222206976872741983,/projects/bdau/envs/sc2026/lib/python3.9/site-packages/bottleneck/benchmark/__pycache__/bench.cpython-39.pyc,/projects,lustre,65536,0,init,0,21,ddn_nvme,1,raid0,65536,,,,,,,,,,1,1
LUSTRE,0,8243888376222990223,/projects/bdau/envs/sc2026/lib/python3.9/site-packages/numpy/_core/__pycache__/_methods.cpython-39.pyc,/projects,lustre,65536,0,init,0,8,ddn_nvme,1,raid0,65536,,,,,,,,,,1,1
LUSTRE,0,831206087217204700,/projects/bdau/envs/sc2026/lib/python3.9/site-packages/hydra/__pycache__/types.cpython-39.pyc,/projects,lustre,65536,0,init,0,23,ddn_nvme,1,raid0,65536,,,,,,,,,,1,1
LUSTRE,0,8369125755194137984,/projects/bdau/envs/sc2026/lib/python3.9/site-packages/pandas/util/__pycache__/__init__.cpython-39.pyc,/projects,lustre,65536,0,init,0,22,ddn_nvme,1,raid0,65536,,,,,,,,,,1,1
LUSTRE,0,8403347052095525960,/projects/bdau/envs/sc2026/lib/python3.9/site-packages/bottleneck/__pycache__/_pytesttester.cpython-39.pyc,/projects,lustre,65536,0,init,0,31,ddn_nvme,1,raid0,65536,,,,,,,,,,1,1
LUSTRE,0,8429987402927024733,/projects/bdau/envs/sc2026/lib/python3.9/importlib/__pycache__/abc.cpython-39.pyc,/projects,lustre,65536,0,init,0,27,ddn_nvme,1,raid0,65536,,,,,,,,,,1,1
LUSTRE,0,8438631687767012675,/projects/bdau/envs/sc2026/lib/python3.9/site-packages/dlio_benchmark/utils/__pycache__/config.cpython-39.pyc,/projects,lustre,65536,0,init,0,11,ddn_nvme,1,raid0,65536,,,,,,,,,,1,1
LUSTRE,0,8467538633499248663,/projects/bdau/envs/sc2026/lib/python3.9/site-packages/pandas/core/arrays/arrow/__pycache__/array.cpython-39.pyc,/projects,lustre,65536,0,init,0,10,ddn_nvme,1,raid0,65536,536870912,65536,init,0,176,ddn_hdd,1,raid0,1048576,2,2
LUSTRE,0,8494889634289981223,/projects/bdau/envs/sc2026/lib/python3.9/site-packages/pandas/core/computation/__pycache__/__init__.cpython-39.pyc,/projects,lustre,65536,0,init,0,2,ddn_nvme,1,raid0,65536,,,,,,,,,,1,1
LUSTRE,0,8540218980969363020,/projects/bdau/envs/sc2026/lib/python3.9/site-packages/pandas/compat/__pycache__/pyarrow.cpython-39.pyc,/projects,lustre,65536,0,init,0,22,ddn_nvme,1,raid0,65536,,,,,,,,,,1,1
LUSTRE,0,8544572378420960914,/projects/bdau/envs/sc2026/lib/python3.9/site-packages/pandas/core/array_algos/__pycache__/quantile.cpython-39.pyc,/projects,lustre,65536,0,init,0,0,ddn_nvme,1,raid0,65536,,,,,,,,,,1,1
LUSTRE,0,8554089151364512729,/projects/bdau/envs/sc2026/lib/python3.9/site-packages/antlr4/dfa/__pycache__/DFA.cpython-39.pyc,/projects,lustre,65536,0,init,0,11,ddn_nvme,1,raid0,65536,,,,,,,,,,1,1
LUSTRE,0,8590962834241876983,/projects/bdau/envs/sc2026/lib/python3.9/site-packages/numexpr/__pycache__/expressions.cpython-39.pyc,/projects,lustre,65536,0,init,0,1,ddn_nvme,1,raid0,65536,,,,,,,,,,1,1
LUSTRE,0,8601336901234268889,/projects/bdau/envs/sc2026/lib/python3.9/site-packages/pytz/__pycache__/tzfile.cpython-39.pyc,/projects,lustre,65536,0,init,0,0,ddn_nvme,1,raid0,65536,,,,,,,,,,1,1
LUSTRE,0,8658161304281411079,/projects/bdau/envs/sc2026/lib/python3.9/site-packages/numpy/_typing/__pycache__/_char_codes.cpython-39.pyc,/projects,lustre,65536,0,init,0,1,ddn_nvme,1,raid0,65536,,,,,,,,,,1,1
LUSTRE,0,8714836925895622333,/projects/bdau/envs/sc2026/lib/python3.9/site-packages/numpy/linalg/__pycache__/linalg.cpython-39.pyc,/projects,lustre,65536,0,init,0,2,ddn_nvme,1,raid0,65536,,,,,,,,,,1,1
LUSTRE,0,8723107271514933461,/projects/bdau/envs/sc2026/lib/python3.9/site-packages/dlio_benchmark/utils/__pycache__/statscounter.cpython-39.pyc,/projects,lustre,65536,0,init,0,3,ddn_nvme,1,raid0,65536,,,,,,,,,,1,1
LUSTRE,0,8779223566699432028,/projects/bdau/envs/sc2026/lib/python3.9/site-packages/yaml/__pycache__/representer.cpython-39.pyc,/projects,lustre,65536,0,init,0,11,ddn_nvme,1,raid0,65536,,,,,,,,,,1,1
LUSTRE,0,8895498095342078019,/projects/bdau/envs/sc2026/lib/python3.9/__pycache__/timeit.cpython-39.pyc,/projects,lustre,65536,0,init,0,11,ddn_nvme,1,raid0,65536,,,,,,,,,,1,1
LUSTRE,0,8993499591047658274,/projects/bdau/envs/sc2026/lib/python3.9/site-packages/numpy/lib/__pycache__/scimath.cpython-39.pyc,/projects,lustre,65536,0,init,0,20,ddn_nvme,1,raid0,65536,,,,,,,,,,1,1
LUSTRE,0,9013128367012409114,/projects/bdau/envs/sc2026/lib/python3.9/site-packages/antlr4/__pycache__/Utils.cpython-39.pyc,/projects,lustre,65536,0,init,0,23,ddn_nvme,1,raid0,65536,,,,,,,,,,1,1
LUSTRE,0,9018873032173101109,/projects/bdau/envs/sc2026/lib/python3.9/__pycache__/selectors.cpython-39.pyc,/projects,lustre,65536,0,init,0,20,ddn_nvme,1,raid0,65536,,,,,,,,,,1,1
LUSTRE,0,9037682570815326343,/projects/bdau/envs/sc2026/lib/python3.9/site-packages/pandas/core/ops/__pycache__/invalid.cpython-39.pyc,/projects,lustre,65536,0,init,0,9,ddn_nvme,1,raid0,65536,,,,,,,,,,1,1
LUSTRE,0,9057611285405784392,/projects/bdau/envs/sc2026/lib/python3.9/site-packages/dlio_benchmark/__pycache__/main.cpython-39.pyc,/projects,lustre,65536,0,init,0,11,ddn_nvme,1,raid0,65536,,,,,,,,,,1,1
LUSTRE,0,9060194184548730199,/projects/bdau/envs/sc2026/lib/python3.9/site-packages/pandas/core/dtypes/__pycache__/base.cpython-39.pyc,/projects,lustre,65536,0,init,0,3,ddn_nvme,1,raid0,65536,,,,,,,,,,1,1
LUSTRE,0,9062305286993621410,/projects/bdau/envs/sc2026/lib/python3.9/site-packages/numpy/lib/__pycache__/_arraypad_impl.cpython-39.pyc,/projects,lustre,65536,0,init,0,9,ddn_nvme,1,raid0,65536,,,,,,,,,,1,1
LUSTRE,0,9067244043446416075,/projects/bdau/envs/sc2026/lib/python3.9/__pycache__/sre_constants.cpython-39.pyc,/projects,lustre,65536,0,init,0,10,ddn_nvme,1,raid0,65536,,,,,,,,,,1,1
LUSTRE,0,9073311268896237278,/projects/bdau/envs/sc2026/lib/python3.9/site-packages/hydra/_internal/__pycache__/config_repository.cpython-39.pyc,/projects,lustre,65536,0,init,0,29,ddn_nvme,1,raid0,65536,,,,,,,,,,1,1
LUSTRE,0,9136409453128136706,/projects/bdau/envs/sc2026/lib/python3.9/site-packages/dlio_benchmark/checkpointing/checkpointing_factory.py,/projects,lustre,65536,0,init,0,27,ddn_nvme,1,raid0,65536,,,,,,,,,,1,1
LUSTRE,0,9187006172767957328,/projects/bdau/envs/sc2026/lib/python3.9/site-packages/pandas/core/computation/__pycache__/expressions.cpython-39.pyc,/projects,lustre,65536,0,init,0,3,ddn_nvme,1,raid0,65536,,,,,,,,,,1,1
LUSTRE,0,93518326491961601,/projects/bdau/envs/sc2026/lib/python3.9/site-packages/omegaconf/__pycache__/_utils.cpython-39.pyc,/projects,lustre,65536,0,init,0,27,ddn_nvme,1,raid0,65536,,,,,,,,,,1,1
LUSTRE,0,9406576192076329381,/projects/bdau/envs/sc2026/lib/python3.9/site-packages/pandas/core/array_algos/__pycache__/__init__.cpython-39.pyc,/projects,lustre,65536,0,init,0,1,ddn_nvme,1,raid0,65536,,,,,,,,,,1,1
LUSTRE,0,9412774145569043900,/projects/bdau/envs/sc2026/lib/python3.9/site-packages/pandas/core/indexers/__pycache__/utils.cpython-39.pyc,/projects,lustre,65536,0,init,0,23,ddn_nvme,1,raid0,65536,,,,,,,,,,1,1
LUSTRE,0,941918232934745562,/projects/bdau/envs/sc2026/lib/python3.9/site-packages/antlr4/tree/__pycache__/Trees.cpython-39.pyc,/projects,lustre,65536,0,init,0,11,ddn_nvme,1,raid0,65536,,,,,,,,,,1,1
LUSTRE,0,9424048848368711230,/projects/bdau/envs/sc2026/lib/python3.9/__pycache__/tokenize.cpython-39.pyc,/projects,lustre,65536,0,init,0,8,ddn_nvme,1,raid0,65536,,,,,,,,,,1,1
LUSTRE,0,9454561442572302043,/projects/bdau/envs/sc2026/lib/python3.9/site-packages/pandas/core/arrays/__pycache__/_utils.cpython-39.pyc,/projects,lustre,65536,0,init,0,1,ddn_nvme,1,raid0,65536,,,,,,,,,,1,1
LUSTRE,0,9455377515452802292,/projects/bdau/envs/sc2026/lib/python3.9/site-packages/pandas/__pycache__/_typing.cpython-39.pyc,/projects,lustre,65536,0,init,0,3,ddn_nvme,1,raid0,65536,,,,,,,,,,1,1
LUSTRE,0,9492165862856745712,/projects/bdau/envs/sc2026/ssl/openssl.cnf,/projects,lustre,65536,0,init,0,0,ddn_nvme,1,raid0,65536,,,,,,,,,,1,1
LUSTRE,0,9522360082944501093,/projects/bdau/envs/sc2026/lib/python3.9/site-packages/numpy/_core/__pycache__/shape_base.cpython-39.pyc,/projects,lustre,65536,0,init,0,0,ddn_nvme,1,raid0,65536,,,,,,,,,,1,1
LUSTRE,0,9527004679437614451,/projects/bdau/envs/sc2026/lib/python3.9/site-packages/bottleneck/tests/__pycache__/util.cpython-39.pyc,/projects,lustre,65536,0,init,0,2,ddn_nvme,1,raid0,65536,,,,,,,,,,1,1
LUSTRE,0,9545215081625623057,/projects/bdau/envs/sc2026/lib/python3.9/site-packages/numpy/random/__pycache__/__init__.cpython-39.pyc,/projects,lustre,65536,0,init,0,30,ddn_nvme,1,raid0,65536,,,,,,,,,,1,1
LUSTRE,0,9554815414445877266,/projects/bdau/envs/sc2026/lib/python3.9/site-packages/hydra/_internal/grammar/__pycache__/utils.cpython-39.pyc,/projects,lustre,65536,0,init,0,21,ddn_nvme,1,raid0,65536,,,,,,,,,,1,1
LUSTRE,0,9573591733184870347,/projects/bdau/envs/sc2026/lib/python3.9/site-packages/numpy/lib/__pycache__/_shape_base_impl.cpython-39.pyc,/projects,lustre,65536,0,init,0,8,ddn_nvme,1,raid0,65536,,,,,,,,,,1,1
LUSTRE,0,9665481189467716380,/projects/bdau/envs/sc2026/lib/python3.9/site-packages/dateutil/__pycache__/__init__.cpython-39.pyc,/projects,lustre,65536,0,init,0,22,ddn_nvme,1,raid0,65536,,,,,,,,,,1,1
LUSTRE,0,9682797250921664743,/projects/bdau/envs/sc2026/lib/python3.9/site-packages/hydra/_internal/grammar/__pycache__/functions.cpython-39.pyc,/projects,lustre,65536,0,init,0,11,ddn_nvme,1,raid0,65536,,,,,,,,,,1,1
LUSTRE,0,9726911579922805327,/projects/bdau/envs/sc2026/lib/python3.9/__pycache__/hmac.cpython-39.pyc,/projects,lustre,65536,0,init,0,8,ddn_nvme,1,raid0,65536,,,,,,,,,,1,1
LUSTRE,0,9756686364586767465,/projects/bdau/envs/sc2026/lib/python3.9/site-packages/hydra/plugins/__pycache__/completion_plugin.cpython-39.pyc,/projects,lustre,65536,0,init,0,21,ddn_nvme,1,raid0,65536,,,,,,,,,,1,1
LUSTRE,0,9865233670402988159,/projects/bdau/envs/sc2026/lib/python3.9/encodings/__pycache__/__init__.cpython-39.pyc,/projects,lustre,65536,0,init,0,2,ddn_nvme,1,raid0,65536,,,,,,,,,,1,1
LUSTRE,0,9872041457859911631,/projects/bdau/envs/sc2026/lib/python3.9/site-packages/psutil/__pycache__/__init__.cpython-39.pyc,/projects,lustre,65536,0,init,0,22,ddn_nvme,1,raid0,65536,536870912,65536,init,0,183,ddn_hdd,1,raid0,1048576,2,2
LUSTRE,0,9912997638700131023,/projects/bdau/envs/sc2026/lib/python3.9/site-packages/packaging/__pycache__/_structures.cpython-39.pyc,/projects,lustre,65536,0,init,0,22,ddn_nvme,1,raid0,65536,,,,,,,,,,1,1
LUSTRE,0,9914737614726629466,/projects/bdau/envs/sc2026/lib/python3.9/__pycache__/ipaddress.cpython-39.pyc,/projects,lustre,65536,0,init,0,20,ddn_nvme,1,raid0,65536,536870912,65536,init,0,175,ddn_hdd,1,raid0,1048576,2,2
LUSTRE,0,9989867254967961128,/projects/bdau/envs/sc2026/lib/python3.9/site-packages/pandas/core/computation/__pycache__/check.cpython-39.pyc,/projects,lustre,65536,0,init,0,20,ddn_nvme,1,raid0,65536,,,,,,,,,,1,1
