module,rank,record id,file name,mount pt,fs type,LUSTRE_COMP1_EXT_END,LUSTRE_COMP1_EXT_START,LUSTRE_COMP1_FLAGS,LUSTRE_COMP1_MIRROR_ID,LUSTRE_COMP1_OST_ID_0,LUSTRE_COMP1_POOL_NAME,LUSTRE_COMP1_STRIPE_COUNT,LUSTRE_COMP1_STRIPE_PATTERN,LUSTRE_COMP1_STRIPE_SIZE,LUSTRE_NUM_COMPONENTS,LUSTRE_NUM_STRIPES
LUSTRE,0,10958985201912166158,/work/hdd/bdau/mbanisharifdehkordi/bench_scratch/bottleneck/ior_file_explosion_t65536_n128_r1.00000000,/work,lustre,-1,0,0,0,99,ddn_hdd,1,raid0,1048576,1,1
LUSTRE,1,7309025731585782367,/work/hdd/bdau/mbanisharifdehkordi/bench_scratch/bottleneck/ior_file_explosion_t65536_n128_r1.00000001,/work,lustre,-1,0,0,0,106,ddn_hdd,1,raid0,1048576,1,1
LUSTRE,10,13373396268099963021,/work/hdd/bdau/mbanisharifdehkordi/bench_scratch/bottleneck/ior_file_explosion_t65536_n128_r1.00000010,/work,lustre,-1,0,0,0,99,ddn_hdd,1,raid0,1048576,1,1
LUSTRE,100,6389644722001600987,/work/hdd/bdau/mbanisharifdehkordi/bench_scratch/bottleneck/ior_file_explosion_t65536_n128_r1.00000100,/work,lustre,-1,0,0,0,98,ddn_hdd,1,raid0,1048576,1,1
LUSTRE,101,10308927741582521211,/work/hdd/bdau/mbanisharifdehkordi/bench_scratch/bottleneck/ior_file_explosion_t65536_n128_r1.00000101,/work,lustre,-1,0,0,0,97,ddn_hdd,1,raid0,1048576,1,1
LUSTRE,102,3028089246175849513,/work/hdd/bdau/mbanisharifdehkordi/bench_scratch/bottleneck/ior_file_explosion_t65536_n128_r1.00000102,/work,lustre,-1,0,0,0,103,ddn_hdd,1,raid0,1048576,1,1
LUSTRE,103,13831795965892349591,/work/hdd/bdau/mbanisharifdehkordi/bench_scratch/bottleneck/ior_file_explosion_t65536_n128_r1.00000103,/work,lustre,-1,0,0,0,96,ddn_hdd,1,raid0,1048576,1,1
LUSTRE,104,15707461802912085705,/work/hdd/bdau/mbanisharifdehkordi/bench_scratch/bottleneck/ior_file_explosion_t65536_n128_r1.00000104,/work,lustre,-1,0,0,0,102,ddn_hdd,1,raid0,1048576,1,1
LUSTRE,105,9340896373515440841,/work/hdd/bdau/mbanisharifdehkordi/bench_scratch/bottleneck/ior_file_explosion_t65536_n128_r1.00000105,/work,lustre,-1,0,0,0,99,ddn_hdd,1,raid0,1048576,1,1
LUSTRE,106,1751154481114694711,/work/hdd/bdau/mbanisharifdehkordi/bench_scratch/bottleneck/ior_file_explosion_t65536_n128_r1.00000106,/work,lustre,-1,0,0,0,102,ddn_hdd,1,raid0,1048576,1,1
LUSTRE,107,18116438834912764062,/work/hdd/bdau/mbanisharifdehkordi/bench_scratch/bottleneck/ior_file_explosion_t65536_n128_r1.00000107,/work,lustre,-1,0,0,0,105,ddn_hdd,1,raid0,1048576,1,1
LUSTRE,108,4530758129818169853,/work/hdd/bdau/mbanisharifdehkordi/bench_scratch/bottleneck/ior_file_explosion_t65536_n128_r1.00000108,/work,lustre,-1,0,0,0,99,ddn_hdd,1,raid0,1048576,1,1
LUSTRE,109,17296344468878496270,/work/hdd/bdau/mbanisharifdehkordi/bench_scratch/bottleneck/ior_file_explosion_t65536_n128_r1.00000109,/work,lustre,-1,0,0,0,105,ddn_hdd,1,raid0,1048576,1,1
LUSTRE,11,14447120043586324325,/work/hdd/bdau/mbanisharifdehkordi/bench_scratch/bottleneck/ior_file_explosion_t65536_n128_r1.00000011,/work,lustre,-1,0,0,0,99,ddn_hdd,1,raid0,1048576,1,1
LUSTRE,110,10742768126189520976,/work/hdd/bdau/mbanisharifdehkordi/bench_scratch/bottleneck/ior_file_explosion_t65536_n128_r1.00000110,/work,lustre,-1,0,0,0,104,ddn_hdd,1,raid0,1048576,1,1
LUSTRE,111,15056730467381614244,/work/hdd/bdau/mbanisharifdehkordi/bench_scratch/bottleneck/ior_file_explosion_t65536_n128_r1.00000111,/work,lustre,-1,0,0,0,104,ddn_hdd,1,raid0,1048576,1,1
LUSTRE,112,12813591807033273509,/work/hdd/bdau/mbanisharifdehkordi/bench_scratch/bottleneck/ior_file_explosion_t65536_n128_r1.00000112,/work,lustre,-1,0,0,0,97,ddn_hdd,1,raid0,1048576,1,1
LUSTRE,113,17739138999351915893,/work/hdd/bdau/mbanisharifdehkordi/bench_scratch/bottleneck/ior_file_explosion_t65536_n128_r1.00000113,/work,lustre,-1,0,0,0,97,ddn_hdd,1,raid0,1048576,1,1
LUSTRE,114,5394890923583401374,/work/hdd/bdau/mbanisharifdehkordi/bench_scratch/bottleneck/ior_file_explosion_t65536_n128_r1.00000114,/work,lustre,-1,0,0,0,101,ddn_hdd,1,raid0,1048576,1,1
LUSTRE,115,18361341611669156330,/work/hdd/bdau/mbanisharifdehkordi/bench_scratch/bottleneck/ior_file_explosion_t65536_n128_r1.00000115,/work,lustre,-1,0,0,0,96,ddn_hdd,1,raid0,1048576,1,1
LUSTRE,116,6156737976470136567,/work/hdd/bdau/mbanisharifdehkordi/bench_scratch/bottleneck/ior_file_explosion_t65536_n128_r1.00000116,/work,lustre,-1,0,0,0,96,ddn_hdd,1,raid0,1048576,1,1
LUSTRE,117,4997628859085525758,/work/hdd/bdau/mbanisharifdehkordi/bench_scratch/bottleneck/ior_file_explosion_t65536_n128_r1.00000117,/work,lustre,-1,0,0,0,105,ddn_hdd,1,raid0,1048576,1,1
LUSTRE,118,8068535294578009754,/work/hdd/bdau/mbanisharifdehkordi/bench_scratch/bottleneck/ior_file_explosion_t65536_n128_r1.00000118,/work,lustre,-1,0,0,0,106,ddn_hdd,1,raid0,1048576,1,1
LUSTRE,119,1356086805998133518,/work/hdd/bdau/mbanisharifdehkordi/bench_scratch/bottleneck/ior_file_explosion_t65536_n128_r1.00000119,/work,lustre,-1,0,0,0,102,ddn_hdd,1,raid0,1048576,1,1
LUSTRE,12,18257414924095016018,/work/hdd/bdau/mbanisharifdehkordi/bench_scratch/bottleneck/ior_file_explosion_t65536_n128_r1.00000012,/work,lustre,-1,0,0,0,96,ddn_hdd,1,raid0,1048576,1,1
LUSTRE,120,10790495421408699599,/work/hdd/bdau/mbanisharifdehkordi/bench_scratch/bottleneck/ior_file_explosion_t65536_n128_r1.00000120,/work,lustre,-1,0,0,0,102,ddn_hdd,1,raid0,1048576,1,1
LUSTRE,121,16933145044399965962,/work/hdd/bdau/mbanisharifdehkordi/bench_scratch/bottleneck/ior_file_explosion_t65536_n128_r1.00000121,/work,lustre,-1,0,0,0,100,ddn_hdd,1,raid0,1048576,1,1
LUSTRE,122,2126855640034176810,/work/hdd/bdau/mbanisharifdehkordi/bench_scratch/bottleneck/ior_file_explosion_t65536_n128_r1.00000122,/work,lustre,-1,0,0,0,96,ddn_hdd,1,raid0,1048576,1,1
LUSTRE,123,2189419792986221266,/work/hdd/bdau/mbanisharifdehkordi/bench_scratch/bottleneck/ior_file_explosion_t65536_n128_r1.00000123,/work,lustre,-1,0,0,0,107,ddn_hdd,1,raid0,1048576,1,1
LUSTRE,124,1836144585362734468,/work/hdd/bdau/mbanisharifdehkordi/bench_scratch/bottleneck/ior_file_explosion_t65536_n128_r1.00000124,/work,lustre,-1,0,0,0,107,ddn_hdd,1,raid0,1048576,1,1
LUSTRE,125,6460067989967867083,/work/hdd/bdau/mbanisharifdehkordi/bench_scratch/bottleneck/ior_file_explosion_t65536_n128_r1.00000125,/work,lustre,-1,0,0,0,106,ddn_hdd,1,raid0,1048576,1,1
LUSTRE,126,5271811584946823065,/work/hdd/bdau/mbanisharifdehkordi/bench_scratch/bottleneck/ior_file_explosion_t65536_n128_r1.00000126,/work,lustre,-1,0,0,0,106,ddn_hdd,1,raid0,1048576,1,1
LUSTRE,127,12735464853211059322,/work/hdd/bdau/mbanisharifdehkordi/bench_scratch/bottleneck/ior_file_explosion_t65536_n128_r1.00000127,/work,lustre,-1,0,0,0,107,ddn_hdd,1,raid0,1048576,1,1
LUSTRE,13,14668729679087272084,/work/hdd/bdau/mbanisharifdehkordi/bench_scratch/bottleneck/ior_file_explosion_t65536_n128_r1.00000013,/work,lustre,-1,0,0,0,99,ddn_hdd,1,raid0,1048576,1,1
LUSTRE,14,4296598096686910331,/work/hdd/bdau/mbanisharifdehkordi/bench_scratch/bottleneck/ior_file_explosion_t65536_n128_r1.00000014,/work,lustre,-1,0,0,0,101,ddn_hdd,1,raid0,1048576,1,1
LUSTRE,15,9678176562847163522,/work/hdd/bdau/mbanisharifdehkordi/bench_scratch/bottleneck/ior_file_explosion_t65536_n128_r1.00000015,/work,lustre,-1,0,0,0,100,ddn_hdd,1,raid0,1048576,1,1
LUSTRE,16,17789241180272777370,/work/hdd/bdau/mbanisharifdehkordi/bench_scratch/bottleneck/ior_file_explosion_t65536_n128_r1.00000016,/work,lustre,-1,0,0,0,103,ddn_hdd,1,raid0,1048576,1,1
LUSTRE,17,543080771381885753,/work/hdd/bdau/mbanisharifdehkordi/bench_scratch/bottleneck/ior_file_explosion_t65536_n128_r1.00000017,/work,lustre,-1,0,0,0,96,ddn_hdd,1,raid0,1048576,1,1
LUSTRE,18,10835446844077063649,/work/hdd/bdau/mbanisharifdehkordi/bench_scratch/bottleneck/ior_file_explosion_t65536_n128_r1.00000018,/work,lustre,-1,0,0,0,99,ddn_hdd,1,raid0,1048576,1,1
LUSTRE,19,11456084936891164068,/work/hdd/bdau/mbanisharifdehkordi/bench_scratch/bottleneck/ior_file_explosion_t65536_n128_r1.00000019,/work,lustre,-1,0,0,0,105,ddn_hdd,1,raid0,1048576,1,1
LUSTRE,2,14883551522241093662,/work/hdd/bdau/mbanisharifdehkordi/bench_scratch/bottleneck/ior_file_explosion_t65536_n128_r1.00000002,/work,lustre,-1,0,0,0,104,ddn_hdd,1,raid0,1048576,1,1
LUSTRE,20,6952977223260420288,/work/hdd/bdau/mbanisharifdehkordi/bench_scratch/bottleneck/ior_file_explosion_t65536_n128_r1.00000020,/work,lustre,-1,0,0,0,99,ddn_hdd,1,raid0,1048576,1,1
LUSTRE,21,6967897993156581575,/work/hdd/bdau/mbanisharifdehkordi/bench_scratch/bottleneck/ior_file_explosion_t65536_n128_r1.00000021,/work,lustre,-1,0,0,0,96,ddn_hdd,1,raid0,1048576,1,1
LUSTRE,22,11776400032675197488,/work/hdd/bdau/mbanisharifdehkordi/bench_scratch/bottleneck/ior_file_explosion_t65536_n128_r1.00000022,/work,lustre,-1,0,0,0,107,ddn_hdd,1,raid0,1048576,1,1
LUSTRE,23,13962928856959232786,/work/hdd/bdau/mbanisharifdehkordi/bench_scratch/bottleneck/ior_file_explosion_t65536_n128_r1.00000023,/work,lustre,-1,0,0,0,105,ddn_hdd,1,raid0,1048576,1,1
LUSTRE,24,7978744808414421858,/work/hdd/bdau/mbanisharifdehkordi/bench_scratch/bottleneck/ior_file_explosion_t65536_n128_r1.00000024,/work,lustre,-1,0,0,0,96,ddn_hdd,1,raid0,1048576,1,1
LUSTRE,25,91761553317753916,/work/hdd/bdau/mbanisharifdehkordi/bench_scratch/bottleneck/ior_file_explosion_t65536_n128_r1.00000025,/work,lustre,-1,0,0,0,98,ddn_hdd,1,raid0,1048576,1,1
LUSTRE,26,17487529892034880088,/work/hdd/bdau/mbanisharifdehkordi/bench_scratch/bottleneck/ior_file_explosion_t65536_n128_r1.00000026,/work,lustre,-1,0,0,0,102,ddn_hdd,1,raid0,1048576,1,1
LUSTRE,27,888365112565959369,/work/hdd/bdau/mbanisharifdehkordi/bench_scratch/bottleneck/ior_file_explosion_t65536_n128_r1.00000027,/work,lustre,-1,0,0,0,104,ddn_hdd,1,raid0,1048576,1,1
LUSTRE,28,9557478236074687298,/work/hdd/bdau/mbanisharifdehkordi/bench_scratch/bottleneck/ior_file_explosion_t65536_n128_r1.00000028,/work,lustre,-1,0,0,0,106,ddn_hdd,1,raid0,1048576,1,1
LUSTRE,29,14649271063842739577,/work/hdd/bdau/mbanisharifdehkordi/bench_scratch/bottleneck/ior_file_explosion_t65536_n128_r1.00000029,/work,lustre,-1,0,0,0,97,ddn_hdd,1,raid0,1048576,1,1
LUSTRE,3,5710704290283581445,/work/hdd/bdau/mbanisharifdehkordi/bench_scratch/bottleneck/ior_file_explosion_t65536_n128_r1.00000003,/work,lustre,-1,0,0,0,102,ddn_hdd,1,raid0,1048576,1,1
LUSTRE,30,18221365761533932227,/work/hdd/bdau/mbanisharifdehkordi/bench_scratch/bottleneck/ior_file_explosion_t65536_n128_r1.00000030,/work,lustre,-1,0,0,0,107,ddn_hdd,1,raid0,1048576,1,1
LUSTRE,31,112862112387030818,/work/hdd/bdau/mbanisharifdehkordi/bench_scratch/bottleneck/ior_file_explosion_t65536_n128_r1.00000031,/work,lustre,-1,0,0,0,106,ddn_hdd,1,raid0,1048576,1,1
LUSTRE,32,1632893677082551260,/work/hdd/bdau/mbanisharifdehkordi/bench_scratch/bottleneck/ior_file_explosion_t65536_n128_r1.00000032,/work,lustre,-1,0,0,0,105,ddn_hdd,1,raid0,1048576,1,1
LUSTRE,33,3678103831861332914,/work/hdd/bdau/mbanisharifdehkordi/bench_scratch/bottleneck/ior_file_explosion_t65536_n128_r1.00000033,/work,lustre,-1,0,0,0,107,ddn_hdd,1,raid0,1048576,1,1
LUSTRE,34,1242056298264164218,/work/hdd/bdau/mbanisharifdehkordi/bench_scratch/bottleneck/ior_file_explosion_t65536_n128_r1.00000034,/work,lustre,-1,0,0,0,96,ddn_hdd,1,raid0,1048576,1,1
LUSTRE,35,8706382255405363466,/work/hdd/bdau/mbanisharifdehkordi/bench_scratch/bottleneck/ior_file_explosion_t65536_n128_r1.00000035,/work,lustre,-1,0,0,0,101,ddn_hdd,1,raid0,1048576,1,1
LUSTRE,36,9892924406029720567,/work/hdd/bdau/mbanisharifdehkordi/bench_scratch/bottleneck/ior_file_explosion_t65536_n128_r1.00000036,/work,lustre,-1,0,0,0,100,ddn_hdd,1,raid0,1048576,1,1
LUSTRE,37,8657913215145513627,/work/hdd/bdau/mbanisharifdehkordi/bench_scratch/bottleneck/ior_file_explosion_t65536_n128_r1.00000037,/work,lustre,-1,0,0,0,96,ddn_hdd,1,raid0,1048576,1,1
LUSTRE,38,9464625346587783125,/work/hdd/bdau/mbanisharifdehkordi/bench_scratch/bottleneck/ior_file_explosion_t65536_n128_r1.00000038,/work,lustre,-1,0,0,0,103,ddn_hdd,1,raid0,1048576,1,1
LUSTRE,39,6037673170020106332,/work/hdd/bdau/mbanisharifdehkordi/bench_scratch/bottleneck/ior_file_explosion_t65536_n128_r1.00000039,/work,lustre,-1,0,0,0,97,ddn_hdd,1,raid0,1048576,1,1
LUSTRE,4,5933889018549551329,/work/hdd/bdau/mbanisharifdehkordi/bench_scratch/bottleneck/ior_file_explosion_t65536_n128_r1.00000004,/work,lustre,-1,0,0,0,96,ddn_hdd,1,raid0,1048576,1,1
LUSTRE,40,8940966194666179595,/work/hdd/bdau/mbanisharifdehkordi/bench_scratch/bottleneck/ior_file_explosion_t65536_n128_r1.00000040,/work,lustre,-1,0,0,0,99,ddn_hdd,1,raid0,1048576,1,1
LUSTRE,41,5248984613872967735,/work/hdd/bdau/mbanisharifdehkordi/bench_scratch/bottleneck/ior_file_explosion_t65536_n128_r1.00000041,/work,lustre,-1,0,0,0,101,ddn_hdd,1,raid0,1048576,1,1
LUSTRE,42,10926951360717834148,/work/hdd/bdau/mbanisharifdehkordi/bench_scratch/bottleneck/ior_file_explosion_t65536_n128_r1.00000042,/work,lustre,-1,0,0,0,100,ddn_hdd,1,raid0,1048576,1,1
LUSTRE,43,12879212086001495236,/work/hdd/bdau/mbanisharifdehkordi/bench_scratch/bottleneck/ior_file_explosion_t65536_n128_r1.00000043,/work,lustre,-1,0,0,0,107,ddn_hdd,1,raid0,1048576,1,1
LUSTRE,44,7149591524547416186,/work/hdd/bdau/mbanisharifdehkordi/bench_scratch/bottleneck/ior_file_explosion_t65536_n128_r1.00000044,/work,lustre,-1,0,0,0,105,ddn_hdd,1,raid0,1048576,1,1
LUSTRE,45,10123353382464623081,/work/hdd/bdau/mbanisharifdehkordi/bench_scratch/bottleneck/ior_file_explosion_t65536_n128_r1.00000045,/work,lustre,-1,0,0,0,105,ddn_hdd,1,raid0,1048576,1,1
LUSTRE,46,13148808369480900116,/work/hdd/bdau/mbanisharifdehkordi/bench_scratch/bottleneck/ior_file_explosion_t65536_n128_r1.00000046,/work,lustre,-1,0,0,0,101,ddn_hdd,1,raid0,1048576,1,1
LUSTRE,47,1967132966747331464,/work/hdd/bdau/mbanisharifdehkordi/bench_scratch/bottleneck/ior_file_explosion_t65536_n128_r1.00000047,/work,lustre,-1,0,0,0,98,ddn_hdd,1,raid0,1048576,1,1
LUSTRE,48,7153378995031724463,/work/hdd/bdau/mbanisharifdehkordi/bench_scratch/bottleneck/ior_file_explosion_t65536_n128_r1.00000048,/work,lustre,-1,0,0,0,104,ddn_hdd,1,raid0,1048576,1,1
LUSTRE,49,12332103051696627532,/work/hdd/bdau/mbanisharifdehkordi/bench_scratch/bottleneck/ior_file_explosion_t65536_n128_r1.00000049,/work,lustre,-1,0,0,0,98,ddn_hdd,1,raid0,1048576,1,1
LUSTRE,5,18038399422438926169,/work/hdd/bdau/mbanisharifdehkordi/bench_scratch/bottleneck/ior_file_explosion_t65536_n128_r1.00000005,/work,lustre,-1,0,0,0,103,ddn_hdd,1,raid0,1048576,1,1
LUSTRE,50,11747770651187251614,/work/hdd/bdau/mbanisharifdehkordi/bench_scratch/bottleneck/ior_file_explosion_t65536_n128_r1.00000050,/work,lustre,-1,0,0,0,103,ddn_hdd,1,raid0,1048576,1,1
LUSTRE,51,15983406155639033873,/work/hdd/bdau/mbanisharifdehkordi/bench_scratch/bottleneck/ior_file_explosion_t65536_n128_r1.00000051,/work,lustre,-1,0,0,0,98,ddn_hdd,1,raid0,1048576,1,1
LUSTRE,52,6336201230149143702,/work/hdd/bdau/mbanisharifdehkordi/bench_scratch/bottleneck/ior_file_explosion_t65536_n128_r1.00000052,/work,lustre,-1,0,0,0,102,ddn_hdd,1,raid0,1048576,1,1
LUSTRE,53,9678594445740011617,/work/hdd/bdau/mbanisharifdehkordi/bench_scratch/bottleneck/ior_file_explosion_t65536_n128_r1.00000053,/work,lustre,-1,0,0,0,100,ddn_hdd,1,raid0,1048576,1,1
LUSTRE,54,5995892886968026407,/work/hdd/bdau/mbanisharifdehkordi/bench_scratch/bottleneck/ior_file_explosion_t65536_n128_r1.00000054,/work,lustre,-1,0,0,0,96,ddn_hdd,1,raid0,1048576,1,1
LUSTRE,55,11360521649408101977,/work/hdd/bdau/mbanisharifdehkordi/bench_scratch/bottleneck/ior_file_explosion_t65536_n128_r1.00000055,/work,lustre,-1,0,0,0,96,ddn_hdd,1,raid0,1048576,1,1
LUSTRE,56,3899126192050704806,/work/hdd/bdau/mbanisharifdehkordi/bench_scratch/bottleneck/ior_file_explosion_t65536_n128_r1.00000056,/work,lustre,-1,0,0,0,97,ddn_hdd,1,raid0,1048576,1,1
LUSTRE,57,4679450379383059907,/work/hdd/bdau/mbanisharifdehkordi/bench_scratch/bottleneck/ior_file_explosion_t65536_n128_r1.00000057,/work,lustre,-1,0,0,0,100,ddn_hdd,1,raid0,1048576,1,1
LUSTRE,58,2314812822056242545,/work/hdd/bdau/mbanisharifdehkordi/bench_scratch/bottleneck/ior_file_explosion_t65536_n128_r1.00000058,/work,lustre,-1,0,0,0,103,ddn_hdd,1,raid0,1048576,1,1
LUSTRE,59,7900833854020492424,/work/hdd/bdau/mbanisharifdehkordi/bench_scratch/bottleneck/ior_file_explosion_t65536_n128_r1.00000059,/work,lustre,-1,0,0,0,102,ddn_hdd,1,raid0,1048576,1,1
LUSTRE,6,16303456616703619150,/work/hdd/bdau/mbanisharifdehkordi/bench_scratch/bottleneck/ior_file_explosion_t65536_n128_r1.00000006,/work,lustre,-1,0,0,0,96,ddn_hdd,1,raid0,1048576,1,1
LUSTRE,60,10412079173783393759,/work/hdd/bdau/mbanisharifdehkordi/bench_scratch/bottleneck/ior_file_explosion_t65536_n128_r1.00000060,/work,lustre,-1,0,0,0,104,ddn_hdd,1,raid0,1048576,1,1
LUSTRE,61,13250952939520044141,/work/hdd/bdau/mbanisharifdehkordi/bench_scratch/bottleneck/ior_file_explosion_t65536_n128_r1.00000061,/work,lustre,-1,0,0,0,104,ddn_hdd,1,raid0,1048576,1,1
LUSTRE,62,18157992914432309133,/work/hdd/bdau/mbanisharifdehkordi/bench_scratch/bottleneck/ior_file_explosion_t65536_n128_r1.00000062,/work,lustre,-1,0,0,0,106,ddn_hdd,1,raid0,1048576,1,1
LUSTRE,63,16318110060195725619,/work/hdd/bdau/mbanisharifdehkordi/bench_scratch/bottleneck/ior_file_explosion_t65536_n128_r1.00000063,/work,lustre,-1,0,0,0,101,ddn_hdd,1,raid0,1048576,1,1
LUSTRE,64,9712290321895984688,/work/hdd/bdau/mbanisharifdehkordi/bench_scratch/bottleneck/ior_file_explosion_t65536_n128_r1.00000064,/work,lustre,-1,0,0,0,97,ddn_hdd,1,raid0,1048576,1,1
LUSTRE,65,5162206497653893348,/work/hdd/bdau/mbanisharifdehkordi/bench_scratch/bottleneck/ior_file_explosion_t65536_n128_r1.00000065,/work,lustre,-1,0,0,0,101,ddn_hdd,1,raid0,1048576,1,1
LUSTRE,66,14682732774663808915,/work/hdd/bdau/mbanisharifdehkordi/bench_scratch/bottleneck/ior_file_explosion_t65536_n128_r1.00000066,/work,lustre,-1,0,0,0,105,ddn_hdd,1,raid0,1048576,1,1
LUSTRE,67,5046196505151882087,/work/hdd/bdau/mbanisharifdehkordi/bench_scratch/bottleneck/ior_file_explosion_t65536_n128_r1.00000067,/work,lustre,-1,0,0,0,98,ddn_hdd,1,raid0,1048576,1,1
LUSTRE,68,5581547176231965315,/work/hdd/bdau/mbanisharifdehkordi/bench_scratch/bottleneck/ior_file_explosion_t65536_n128_r1.00000068,/work,lustre,-1,0,0,0,100,ddn_hdd,1,raid0,1048576,1,1
LUSTRE,69,4231561969615986421,/work/hdd/bdau/mbanisharifdehkordi/bench_scratch/bottleneck/ior_file_explosion_t65536_n128_r1.00000069,/work,lustre,-1,0,0,0,103,ddn_hdd,1,raid0,1048576,1,1
LUSTRE,7,14417022262847995548,/work/hdd/bdau/mbanisharifdehkordi/bench_scratch/bottleneck/ior_file_explosion_t65536_n128_r1.00000007,/work,lustre,-1,0,0,0,107,ddn_hdd,1,raid0,1048576,1,1
LUSTRE,70,321186639721693324,/work/hdd/bdau/mbanisharifdehkordi/bench_scratch/bottleneck/ior_file_explosion_t65536_n128_r1.00000070,/work,lustre,-1,0,0,0,96,ddn_hdd,1,raid0,1048576,1,1
LUSTRE,71,2994134809294404311,/work/hdd/bdau/mbanisharifdehkordi/bench_scratch/bottleneck/ior_file_explosion_t65536_n128_r1.00000071,/work,lustre,-1,0,0,0,107,ddn_hdd,1,raid0,1048576,1,1
LUSTRE,72,14194715978717659478,/work/hdd/bdau/mbanisharifdehkordi/bench_scratch/bottleneck/ior_file_explosion_t65536_n128_r1.00000072,/work,lustre,-1,0,0,0,100,ddn_hdd,1,raid0,1048576,1,1
LUSTRE,73,660443719119352320,/work/hdd/bdau/mbanisharifdehkordi/bench_scratch/bottleneck/ior_file_explosion_t65536_n128_r1.00000073,/work,lustre,-1,0,0,0,99,ddn_hdd,1,raid0,1048576,1,1
LUSTRE,74,17112623979077601862,/work/hdd/bdau/mbanisharifdehkordi/bench_scratch/bottleneck/ior_file_explosion_t65536_n128_r1.00000074,/work,lustre,-1,0,0,0,99,ddn_hdd,1,raid0,1048576,1,1
LUSTRE,75,15638062585732232190,/work/hdd/bdau/mbanisharifdehkordi/bench_scratch/bottleneck/ior_file_explosion_t65536_n128_r1.00000075,/work,lustre,-1,0,0,0,105,ddn_hdd,1,raid0,1048576,1,1
LUSTRE,76,2587511899364020933,/work/hdd/bdau/mbanisharifdehkordi/bench_scratch/bottleneck/ior_file_explosion_t65536_n128_r1.00000076,/work,lustre,-1,0,0,0,97,ddn_hdd,1,raid0,1048576,1,1
LUSTRE,77,17462524159307013,/work/hdd/bdau/mbanisharifdehkordi/bench_scratch/bottleneck/ior_file_explosion_t65536_n128_r1.00000077,/work,lustre,-1,0,0,0,96,ddn_hdd,1,raid0,1048576,1,1
LUSTRE,78,1094586407537008608,/work/hdd/bdau/mbanisharifdehkordi/bench_scratch/bottleneck/ior_file_explosion_t65536_n128_r1.00000078,/work,lustre,-1,0,0,0,98,ddn_hdd,1,raid0,1048576,1,1
LUSTRE,79,799106270381356659,/work/hdd/bdau/mbanisharifdehkordi/bench_scratch/bottleneck/ior_file_explosion_t65536_n128_r1.00000079,/work,lustre,-1,0,0,0,104,ddn_hdd,1,raid0,1048576,1,1
LUSTRE,8,5821867014839317336,/work/hdd/bdau/mbanisharifdehkordi/bench_scratch/bottleneck/ior_file_explosion_t65536_n128_r1.00000008,/work,lustre,-1,0,0,0,106,ddn_hdd,1,raid0,1048576,1,1
LUSTRE,80,5694095274685967730,/work/hdd/bdau/mbanisharifdehkordi/bench_scratch/bottleneck/ior_file_explosion_t65536_n128_r1.00000080,/work,lustre,-1,0,0,0,101,ddn_hdd,1,raid0,1048576,1,1
LUSTRE,81,1030040255663653141,/work/hdd/bdau/mbanisharifdehkordi/bench_scratch/bottleneck/ior_file_explosion_t65536_n128_r1.00000081,/work,lustre,-1,0,0,0,96,ddn_hdd,1,raid0,1048576,1,1
LUSTRE,82,17553857196006206563,/work/hdd/bdau/mbanisharifdehkordi/bench_scratch/bottleneck/ior_file_explosion_t65536_n128_r1.00000082,/work,lustre,-1,0,0,0,102,ddn_hdd,1,raid0,1048576,1,1
LUSTRE,83,17278023188729513509,/work/hdd/bdau/mbanisharifdehkordi/bench_scratch/bottleneck/ior_file_explosion_t65536_n128_r1.00000083,/work,lustre,-1,0,0,0,97,ddn_hdd,1,raid0,1048576,1,1
LUSTRE,84,2558323737374012078,/work/hdd/bdau/mbanisharifdehkordi/bench_scratch/bottleneck/ior_file_explosion_t65536_n128_r1.00000084,/work,lustre,-1,0,0,0,103,ddn_hdd,1,raid0,1048576,1,1
LUSTRE,85,5175160244264440911,/work/hdd/bdau/mbanisharifdehkordi/bench_scratch/bottleneck/ior_file_explosion_t65536_n128_r1.00000085,/work,lustre,-1,0,0,0,103,ddn_hdd,1,raid0,1048576,1,1
LUSTRE,86,1263929494320692583,/work/hdd/bdau/mbanisharifdehkordi/bench_scratch/bottleneck/ior_file_explosion_t65536_n128_r1.00000086,/work,lustre,-1,0,0,0,96,ddn_hdd,1,raid0,1048576,1,1
LUSTRE,87,14905225980393674713,/work/hdd/bdau/mbanisharifdehkordi/bench_scratch/bottleneck/ior_file_explosion_t65536_n128_r1.00000087,/work,lustre,-1,0,0,0,98,ddn_hdd,1,raid0,1048576,1,1
LUSTRE,88,4432768566547103904,/work/hdd/bdau/mbanisharifdehkordi/bench_scratch/bottleneck/ior_file_explosion_t65536_n128_r1.00000088,/work,lustre,-1,0,0,0,106,ddn_hdd,1,raid0,1048576,1,1
LUSTRE,89,8766834575660409922,/work/hdd/bdau/mbanisharifdehkordi/bench_scratch/bottleneck/ior_file_explosion_t65536_n128_r1.00000089,/work,lustre,-1,0,0,0,101,ddn_hdd,1,raid0,1048576,1,1
LUSTRE,9,12336702706241719628,/work/hdd/bdau/mbanisharifdehkordi/bench_scratch/bottleneck/ior_file_explosion_t65536_n128_r1.00000009,/work,lustre,-1,0,0,0,98,ddn_hdd,1,raid0,1048576,1,1
LUSTRE,90,846971183790861237,/work/hdd/bdau/mbanisharifdehkordi/bench_scratch/bottleneck/ior_file_explosion_t65536_n128_r1.00000090,/work,lustre,-1,0,0,0,101,ddn_hdd,1,raid0,1048576,1,1
LUSTRE,91,5003789365311526565,/work/hdd/bdau/mbanisharifdehkordi/bench_scratch/bottleneck/ior_file_explosion_t65536_n128_r1.00000091,/work,lustre,-1,0,0,0,106,ddn_hdd,1,raid0,1048576,1,1
LUSTRE,92,5043192180811337724,/work/hdd/bdau/mbanisharifdehkordi/bench_scratch/bottleneck/ior_file_explosion_t65536_n128_r1.00000092,/work,lustre,-1,0,0,0,103,ddn_hdd,1,raid0,1048576,1,1
LUSTRE,93,5174662660495121558,/work/hdd/bdau/mbanisharifdehkordi/bench_scratch/bottleneck/ior_file_explosion_t65536_n128_r1.00000093,/work,lustre,-1,0,0,0,100,ddn_hdd,1,raid0,1048576,1,1
LUSTRE,94,6388486818593609139,/work/hdd/bdau/mbanisharifdehkordi/bench_scratch/bottleneck/ior_file_explosion_t65536_n128_r1.00000094,/work,lustre,-1,0,0,0,96,ddn_hdd,1,raid0,1048576,1,1
LUSTRE,95,11017189958884941635,/work/hdd/bdau/mbanisharifdehkordi/bench_scratch/bottleneck/ior_file_explosion_t65536_n128_r1.00000095,/work,lustre,-1,0,0,0,106,ddn_hdd,1,raid0,1048576,1,1
LUSTRE,96,13871566979785223382,/work/hdd/bdau/mbanisharifdehkordi/bench_scratch/bottleneck/ior_file_explosion_t65536_n128_r1.00000096,/work,lustre,-1,0,0,0,96,ddn_hdd,1,raid0,1048576,1,1
LUSTRE,97,1503442943255630440,/work/hdd/bdau/mbanisharifdehkordi/bench_scratch/bottleneck/ior_file_explosion_t65536_n128_r1.00000097,/work,lustre,-1,0,0,0,96,ddn_hdd,1,raid0,1048576,1,1
LUSTRE,98,840772117481688242,/work/hdd/bdau/mbanisharifdehkordi/bench_scratch/bottleneck/ior_file_explosion_t65536_n128_r1.00000098,/work,lustre,-1,0,0,0,105,ddn_hdd,1,raid0,1048576,1,1
LUSTRE,99,13301829182519961217,/work/hdd/bdau/mbanisharifdehkordi/bench_scratch/bottleneck/ior_file_explosion_t65536_n128_r1.00000099,/work,lustre,-1,0,0,0,98,ddn_hdd,1,raid0,1048576,1,1
